종목명,종목코드,연도,분기,기간,보고서유형,재무기준,매출액(억원),영업이익(억원),당기순이익(억원),매출액_단독(억원),영업이익_단독(억원),당기순이익_단독(억원)
대성창투,027830,2021,Q1,2021-Q1_단독,1분기보고서(Q1단독)
대성창투,027830,2021,Q2,2021-Q2_단독,반기보고서(Q2단독)
대성창투,027830,2021,Q3,2021-Q3_단독,3분기보고서(Q3단독)
대성창투,027830,2021,Q4,2021-FY_누적,사업보고서(FY누적)
대성창투,027830,2022,Q1,2022-Q1_단독,1분기보고서(Q1단독)
대성창투,027830,2022,Q2,2022-Q2_단독,반기보고서(Q2단독)
대성창투,027830,2022,Q3,2022-Q3_단독,3분기보고서(Q3단독)
대성창투,027830,2022,Q4,2022-FY_누적,사업보고서(FY누적)
대성창투,027830,2023,Q1,2023-Q1_단독,1분기보고서(Q1단독)
대성창투,027830,2023,Q2,2023-Q2_단독,반기보고서(Q2단독)
대성창투,027830,2023,Q3,2023-Q3_단독,3분기보고서(Q3단독),별도(OFS),20.88,2.78,0.20,20.88,2.78,0.20
대성창투,027830,2023,Q4,2023-FY_누적,사업보고서(FY누적),별도(OFS),123.63,20.53,21.78
대성창투,027830,2024,Q1,2024-Q1_단독,1분기보고서(Q1단독),별도(OFS),33.17,14.33,18.10,33.17,14.33,18.10
대성창투,027830,2024,Q2,2024-Q2_단독,반기보고서(Q2단독),별도(OFS),86.48,70.53,60.09,86.48,70.53,60.09
대성창투,027830,2024,Q3,2024-Q3_단독,3분기보고서(Q3단독),별도(OFS),44.99,12.02,9.11,44.99,12.02,9.11
대성창투,027830,2024,Q4,2024-FY_누적,사업보고서(FY누적),별도(OFS),200.88,102.38,138.46,36.25,5.51,51.17
대성창투,027830,2025,Q1,2025-Q1_단독,1분기보고서(Q1단독),별도(OFS),20.49,5.02,3.23,20.49,5.02,3.23
대성창투,027830,2025,Q2,2025-Q2_단독,반기보고서(Q2단독),별도(OFS),25.66,0.29,-28.02,25.66,0.29,-28.02
대성창투,027830,2025,Q3,2025-Q3_단독,3분기보고서(Q3단독),별도(OFS),17.01,0.29,12.12,17.01,0.29,12.12
대성창투,027830,2025,Q4,2025-FY_누적,사업보고서(FY누적),별도(OFS),92.52,7.97,3.14,29.36,2.37,15.81
대성창투,027830,2026,Q1,2026-Q1_단독,1분기보고서(Q1단독),별도(OFS),14.15,-3.49,2.30,14.15,-3.49,2.30
휴맥스홀딩스,028080,2021,Q1,2021-Q1_단독,1분기보고서(Q1단독),연결(CFS),23.68,-52.44,-54.42,23.68,-52.44,-54.42
휴맥스홀딩스,028080,2021,Q2,2021-Q2_단독,반기보고서(Q2단독),연결(CFS),53.53,37.88,33.94,53.53,37.88,33.94
휴맥스홀딩스,028080,2021,Q3,2021-Q3_단독,3분기보고서(Q3단독),연결(CFS),17.45,-22.96,-24.06,17.45,-22.96,-24.06
휴맥스홀딩스,028080,2021,Q4,2021-FY_누적,사업보고서(FY누적),연결(CFS),77.56,-138.83,-209.45,-17.10,-101.32,-164.91
휴맥스홀딩스,028080,2022,Q1,2022-Q1_단독,1분기보고서(Q1단독),연결(CFS),1921.61,-23.46,-161.80,1921.61,-23.46,-161.80
휴맥스홀딩스,028080,2022,Q2,2022-Q2_단독,반기보고서(Q2단독),연결(CFS),1630.14,48.52,155.67,1630.14,48.52,155.67
휴맥스홀딩스,028080,2022,Q3,2022-Q3_단독,3분기보고서(Q3단독),연결(CFS),1835.71,-44.22,-245.74,1835.71,-44.22,-245.74
휴맥스홀딩스,028080,2022,Q4,2022-FY_누적,사업보고서(FY누적),연결(CFS),6973.81,-41.00,-505.56,1586.34,-21.83,-253.69
휴맥스홀딩스,028080,2023,Q1,2023-Q1_단독,1분기보고서(Q1단독),연결(CFS),1470.21,9.36,-125.69,1470.21,9.36,-125.69
휴맥스홀딩스,028080,2023,Q2,2023-Q2_단독,반기보고서(Q2단독),연결(CFS),1588.40,38.89,-199.64,1588.40,38.89,-199.64
휴맥스홀딩스,028080,2023,Q3,2023-Q3_단독,3분기보고서(Q3단독),연결(CFS),1893.36,36.50,-35.77,1893.36,36.50,-35.77
휴맥스홀딩스,028080,2023,Q4,2023-FY_누적,사업보고서(FY누적),연결(CFS),6598.01,117.71,-802.83,1646.05,32.95,-441.74
휴맥스홀딩스,028080,2024,Q1,2024-Q1_단독,1분기보고서(Q1단독),연결(CFS),1848.31,61.67,-110.26,1848.31,61.67,-110.26
휴맥스홀딩스,028080,2024,Q2,2024-Q2_단독,반기보고서(Q2단독),연결(CFS),1197.70,27.03,-288.08,1197.70,27.03,-288.08
휴맥스홀딩스,028080,2024,Q3,2024-Q3_단독,3분기보고서(Q3단독),연결(CFS),1128.21,17.63,-84.64,1128.21,17.63,-84.64
휴맥스홀딩스,028080,2024,Q4,2024-FY_누적,사업보고서(FY누적),연결(CFS),5426.63,59.86,-620.37,1252.40,-46.47,-137.39
휴맥스홀딩스,028080,2025,Q1,2025-Q1_단독,1분기보고서(Q1단독),연결(CFS),993.99,-70.83,-191.34,993.99,-70.83,-191.34
휴맥스홀딩스,028080,2025,Q2,2025-Q2_단독,반기보고서(Q2단독),연결(CFS),1135.50,-57.40,-377.10,1135.50,-57.40,-377.10
휴맥스홀딩스,028080,2025,Q3,2025-Q3_단독,3분기보고서(Q3단독),연결(CFS),992.37,-17.37,0.79,992.37,-17.37,0.79
휴맥스홀딩스,028080,2025,Q4,2025-FY_누적,사업보고서(FY누적),연결(CFS),4007.28,-286.59,-836.80,885.42,-140.99,-269.16
휴맥스홀딩스,028080,2026,Q1,2026-Q1_단독,1분기보고서(Q1단독),연결(CFS),939.45,23.44,346.40,939.45,23.44,346.40
HLB,028300,2021,Q1,2021-Q1_단독,1분기보고서(Q1단독),연결(CFS),75.64,-187.64,-220.97,75.64,-187.64,-220.97
HLB,028300,2021,Q2,2021-Q2_단독,반기보고서(Q2단독),연결(CFS),83.93,-209.93,-349.81,83.93,-209.93,-349.81
HLB,028300,2021,Q3,2021-Q3_단독,3분기보고서(Q3단독),연결(CFS),101.38,-251.84,69.67,101.38,-251.84,69.67
HLB,028300,2021,Q4,2021-FY_누적,사업보고서(FY누적),연결(CFS),698.26,-1010.18,-1116.07,437.31,-360.78,-614.96
HLB,028300,2022,Q1,2022-Q1_단독,1분기보고서(Q1단독),연결(CFS),655.13,-64.98,-202.85,655.13,-64.98,-202.85
HLB,028300,2022,Q2,2022-Q2_단독,반기보고서(Q2단독),연결(CFS),577.92,-135.98,11.85,577.92,-135.98,11.85
HLB,028300,2022,Q3,2022-Q3_단독,3분기보고서(Q3단독),연결(CFS),239.89,-366.61,-372.44,239.89,-366.61,-372.44
HLB,028300,2022,Q4,2022-FY_누적,사업보고서(FY누적),연결(CFS),1797.08,-746.65,-986.03,324.14,-179.08,-422.59
HLB,028300,2023,Q1,2023-Q1_단독,1분기보고서(Q1단독),연결(CFS),198.18,-277.97,-243.35,198.18,-277.97,-243.35
HLB,028300,2023,Q2,2023-Q2_단독,반기보고서(Q2단독),연결(CFS),43.32,-335.17,-340.84,43.32,-335.17,-340.84
HLB,028300,2023,Q3,2023-Q3_단독,3분기보고서(Q3단독),연결(CFS),97.30,-294.57,-244.86,97.30,-294.57,-244.86
HLB,028300,2023,Q4,2023-FY_누적,사업보고서(FY누적),연결(CFS),429.01,-1250.25,-2060.43,90.21,-342.53,-1231.37
HLB,028300,2024,Q1,2024-Q1_단독,1분기보고서(Q1단독),연결(CFS),111.54,-357.71,283.04,111.54,-357.71,283.04
HLB,028300,2024,Q2,2024-Q2_단독,반기보고서(Q2단독),연결(CFS),147.94,-374.70,-1072.24,147.94,-374.70,-1072.24
HLB,028300,2024,Q3,2024-Q3_단독,3분기보고서(Q3단독),연결(CFS),169.53,-195.59,5.90,169.53,-195.59,5.90
HLB,028300,2024,Q4,2024-FY_누적,사업보고서(FY누적),연결(CFS),681.26,-1185.16,-1080.27,252.25,-257.16,-296.96
HLB,028300,2025,Q1,2025-Q1_단독,1분기보고서(Q1단독),연결(CFS),176.64,-287.57,-689.25,176.64,-287.57,-689.25
HLB,028300,2025,Q2,2025-Q2_단독,반기보고서(Q2단독),연결(CFS),157.32,-230.61,-607.52,157.32,-230.61,-607.52
HLB,028300,2025,Q3,2025-Q3_단독,3분기보고서(Q3단독),연결(CFS),221.11,-230.28,-764.35,221.11,-230.28,-764.35
HLB,028300,2025,Q4,2025-FY_누적,사업보고서(FY누적),연결(CFS),841.73,-1042.17,-2354.15,286.65,-293.71,-293.04
HLB,028300,2026,Q1,2026-Q1_단독,1분기보고서(Q1단독),연결(CFS),186.89,-231.93,-408.96,186.89,-231.93,-408.96
광무,029480,2021,Q1,2021-Q1_단독,1분기보고서(Q1단독),연결(CFS),38.30,-6.35,-21.20,38.30,-6.35,-21.20
광무,029480,2021,Q2,2021-Q2_단독,반기보고서(Q2단독),연결(CFS),39.67,-4.33,4.84,39.67,-4.33,4.84
광무,029480,2021,Q3,2021-Q3_단독,3분기보고서(Q3단독),연결(CFS),38.58,-2.83,30.70,38.58,-2.83,30.70
광무,029480,2021,Q4,2021-FY_누적,사업보고서(FY누적),연결(CFS),189.20,-7.25,-7.58,72.64,6.27,-21.92
광무,029480,2022,Q1,2022-Q1_단독,1분기보고서(Q1단독),연결(CFS),31.24,-7.31,-10.37,31.24,-7.31,-10.37
광무,029480,2022,Q2,2022-Q2_단독,반기보고서(Q2단독),연결(CFS),47.76,-3.30,-8.29,47.76,-3.30,-8.29
광무,029480,2022,Q3,2022-Q3_단독,3분기보고서(Q3단독),연결(CFS),240.55,12.35,-11.24,240.55,12.35,-11.24
광무,029480,2022,Q4,2022-FY_누적,사업보고서(FY누적),연결(CFS),782.21,23.76,-73.66,462.66,22.01,-43.76
광무,029480,2023,Q1,2023-Q1_단독,1분기보고서(Q1단독),연결(CFS),53.43,-11.46,6.18,53.43,-11.46,6.18
광무,029480,2023,Q2,2023-Q2_단독,반기보고서(Q2단독),연결(CFS),58.25,-4.56,176.47,58.25,-4.56,176.47
광무,029480,2023,Q3,2023-Q3_단독,3분기보고서(Q3단독),연결(CFS),108.51,-5.40,-185.69,108.51,-5.40,-185.69
광무,029480,2023,Q4,2023-FY_누적,사업보고서(FY누적),연결(CFS),242.40,-26.07,72.81,22.22,-4.65,75.85
광무,029480,2024,Q1,2024-Q1_단독,1분기보고서(Q1단독),연결(CFS),16.19,-6.76,927.66,16.19,-6.76,927.66
광무,029480,2024,Q2,2024-Q2_단독,반기보고서(Q2단독),연결(CFS),14.12,-2.62,476.36,14.12,-2.62,476.36
광무,029480,2024,Q3,2024-Q3_단독,3분기보고서(Q3단독),연결(CFS),13.97,-12.47,-101.57,13.97,-12.47,-101.57
광무,029480,2024,Q4,2024-FY_누적,사업보고서(FY누적),연결(CFS),65.27,-47.09,1041.72,20.99,-25.23,-260.73
광무,029480,2025,Q1,2025-Q1_단독,1분기보고서(Q1단독),연결(CFS),14.52,-11.10,-405.82,14.52,-11.10,-405.82
광무,029480,2025,Q2,2025-Q2_단독,반기보고서(Q2단독),연결(CFS),24.53,-11.25,131.27,24.53,-11.25,131.27
광무,029480,2025,Q3,2025-Q3_단독,3분기보고서(Q3단독),연결(CFS),20.18,-11.81,24.75,20.18,-11.81,24.75
광무,029480,2025,Q4,2025-FY_누적,사업보고서(FY누적),연결(CFS),75.72,-42.28,-290.93,16.50,-8.12,-41.12
광무,029480,2026,Q1,2026-Q1_단독,1분기보고서(Q1단독),연결(CFS),11.76,-8.92,187.95,11.76,-8.92,187.95
드래곤플라이,030350,2021,Q1,2021-Q1_단독,1분기보고서(Q1단독),연결(CFS),9.31,-4.42,-7.90,9.31,-4.42,-7.90
드래곤플라이,030350,2021,Q2,2021-Q2_단독,반기보고서(Q2단독),연결(CFS),17.21,-6.90,-11.31,17.21,-6.90,-11.31
드래곤플라이,030350,2021,Q3,2021-Q3_단독,3분기보고서(Q3단독),연결(CFS),19.71,-10.17,-13.32,19.71,-10.17,-13.32
드래곤플라이,030350,2021,Q4,2021-FY_누적,사업보고서(FY누적),연결(CFS),62.97,-38.17,-153.14,16.74,-16.68,-120.61
드래곤플라이,030350,2022,Q1,2022-Q1_단독,1분기보고서(Q1단독),연결(CFS),17.99,-15.02,-42.81,17.99,-15.02,-42.81
드래곤플라이,030350,2022,Q2,2022-Q2_단독,반기보고서(Q2단독),연결(CFS),16.30,-21.96,-22.61,16.30,-21.96,-22.61
드래곤플라이,030350,2022,Q3,2022-Q3_단독,3분기보고서(Q3단독),연결(CFS),14.28,-27.85,-30.78,14.28,-27.85,-30.78
드래곤플라이,030350,2022,Q4,2022-FY_누적,사업보고서(FY누적),연결(CFS),70.97,-95.96,-144.30,22.39,-31.13,-48.10
드래곤플라이,030350,2023,Q1,2023-Q1_단독,1분기보고서(Q1단독),연결(CFS),25.52,-20.49,-16.84,25.52,-20.49,-16.84
드래곤플라이,030350,2023,Q2,2023-Q2_단독,반기보고서(Q2단독),연결(CFS),20.25,-44.24,-44.48,20.25,-44.24,-44.48
드래곤플라이,030350,2023,Q3,2023-Q3_단독,3분기보고서(Q3단독),연결(CFS),19.84,-30.12,-28.02,19.84,-30.12,-28.02
드래곤플라이,030350,2023,Q4,2023-FY_누적,사업보고서(FY누적),연결(CFS),166.18,-133.27,-280.46,100.56,-38.42,-191.11
드래곤플라이,030350,2024,Q1,2024-Q1_단독,1분기보고서(Q1단독),연결(CFS),114.97,-31.09,-32.15,114.97,-31.09,-32.15
드래곤플라이,030350,2024,Q2,2024-Q2_단독,반기보고서(Q2단독),연결(CFS),52.53,-16.76,-48.58,52.53,-16.76,-48.58
드래곤플라이,030350,2024,Q3,2024-Q3_단독,3분기보고서(Q3단독),연결(CFS),47.95,-26.14,-11.07,47.95,-26.14,-11.07
드래곤플라이,030350,2024,Q4,2024-FY_누적,사업보고서(FY누적),연결(CFS),256.27,-96.50,-142.00,40.82,-22.51,-50.19
드래곤플라이,030350,2025,Q1,2025-Q1_단독,1분기보고서(Q1단독),연결(CFS),42.58,-4.97,-7.19,42.58,-4.97,-7.19
드래곤플라이,030350,2025,Q2,2025-Q2_단독,반기보고서(Q2단독),연결(CFS),40.86,-2.46,-8.13,40.86,-2.46,-8.13
드래곤플라이,030350,2025,Q3,2025-Q3_단독,3분기보고서(Q3단독),연결(CFS),41.54,-4.34,-9.68,41.54,-4.34,-9.68
드래곤플라이,030350,2025,Q4,2025-FY_누적,사업보고서(FY누적),연결(CFS),158.79,-19.45,-88.55,33.82,-7.67,-63.55
드래곤플라이,030350,2026,Q1,2026-Q1_단독,1분기보고서(Q1단독),연결(CFS),29.31,-5.35,-4.89,29.31,-5.35,-4.89
한글과컴퓨터,030520,2021,Q1,2021-Q1_단독,1분기보고서(Q1단독),연결(CFS),896.58,132.77,85.24,896.58,132.77,85.24
한글과컴퓨터,030520,2021,Q2,2021-Q2_단독,반기보고서(Q2단독),연결(CFS),1069.67,175.07,141.96,1069.67,175.07,141.96
한글과컴퓨터,030520,2021,Q3,2021-Q3_단독,3분기보고서(Q3단독),연결(CFS),817.54,32.53,-3.65,817.54,32.53,-3.65
한글과컴퓨터,030520,2021,Q4,2021-FY_누적,사업보고서(FY누적),연결(CFS),3916.70,432.90,43.71,1132.90,92.53,-179.83
한글과컴퓨터,030520,2022,Q1,2022-Q1_단독,1분기보고서(Q1단독),연결(CFS),900.59,69.96,95.25,900.59,69.96,95.25
한글과컴퓨터,030520,2022,Q2,2022-Q2_단독,반기보고서(Q2단독),연결(CFS),612.13,137.02,203.20,612.13,137.02,203.20
한글과컴퓨터,030520,2022,Q3,2022-Q3_단독,3분기보고서(Q3단독),연결(CFS),548.10,43.88,297.12,548.10,43.88,297.12
한글과컴퓨터,030520,2022,Q4,2022-FY_누적,사업보고서(FY누적),연결(CFS),2420.08,250.23,167.09,359.26,-0.62,-428.48
한글과컴퓨터,030520,2023,Q1,2023-Q1_단독,1분기보고서(Q1단독),연결(CFS),417.89,24.30,52.50,417.89,24.30,52.50
한글과컴퓨터,030520,2023,Q2,2023-Q2_단독,반기보고서(Q2단독),연결(CFS),784.64,183.01,169.41,784.64,183.01,169.41
한글과컴퓨터,030520,2023,Q3,2023-Q3_단독,3분기보고서(Q3단독),연결(CFS),569.70,32.63,34.32,569.70,32.63,34.32
한글과컴퓨터,030520,2023,Q4,2023-FY_누적,사업보고서(FY누적),연결(CFS),2711.00,341.50,-274.97,938.78,101.56,-531.19
한글과컴퓨터,030520,2024,Q1,2024-Q1_단독,1분기보고서(Q1단독),연결(CFS),546.15,63.65,60.03,546.15,63.65,60.03
한글과컴퓨터,030520,2024,Q2,2024-Q2_단독,반기보고서(Q2단독),연결(CFS),905.19,199.20,211.95,905.19,199.20,211.95
한글과컴퓨터,030520,2024,Q3,2024-Q3_단독,3분기보고서(Q3단독),연결(CFS),711.60,84.80,55.69,711.60,84.80,55.69
한글과컴퓨터,030520,2024,Q4,2024-FY_누적,사업보고서(FY누적),연결(CFS),3047.73,404.23,139.96,884.78,56.57,-187.71
한글과컴퓨터,030520,2025,Q1,2025-Q1_단독,1분기보고서(Q1단독),연결(CFS),609.16,83.86,65.18,609.16,83.86,65.18
한글과컴퓨터,030520,2025,Q2,2025-Q2_단독,반기보고서(Q2단독),연결(CFS),864.13,164.05,150.84,864.13,164.05,150.84
한글과컴퓨터,030520,2025,Q3,2025-Q3_단독,3분기보고서(Q3단독),연결(CFS),840.66,123.56,122.85,840.66,123.56,122.85
한글과컴퓨터,030520,2025,Q4,2025-FY_누적,사업보고서(FY누적),연결(CFS),3267.45,363.97,245.78,953.50,-7.49,-93.08
한글과컴퓨터,030520,2026,Q1,2026-Q1_단독,1분기보고서(Q1단독),연결(CFS),636.16,85.64,68.39,636.16,85.64,68.39
원익홀딩스,030530,2021,Q1,2021-Q1_단독,1분기보고서(Q1단독),연결(CFS),2326.89,270.97,354.88,2326.89,270.97,354.88
원익홀딩스,030530,2021,Q2,2021-Q2_단독,반기보고서(Q2단독),연결(CFS),2122.77,263.72,599.66,2122.77,263.72,599.66
원익홀딩스,030530,2021,Q3,2021-Q3_단독,3분기보고서(Q3단독),연결(CFS),1661.37,171.61,320.78,1661.37,171.61,320.78
원익홀딩스,030530,2021,Q4,2021-FY_누적,사업보고서(FY누적),연결(CFS),8443.64,916.84,1428.89,2332.60,210.54,153.57
원익홀딩스,030530,2022,Q1,2022-Q1_단독,1분기보고서(Q1단독),연결(CFS),1777.36,91.13,187.20,1777.36,91.13,187.20
원익홀딩스,030530,2022,Q2,2022-Q2_단독,반기보고서(Q2단독),연결(CFS),2599.35,224.60,355.01,2599.35,224.60,355.01
원익홀딩스,030530,2022,Q3,2022-Q3_단독,3분기보고서(Q3단독),연결(CFS),2999.93,378.88,500.22,2999.93,378.88,500.22
원익홀딩스,030530,2022,Q4,2022-FY_누적,사업보고서(FY누적),연결(CFS),8810.12,1049.99,1287.59,1433.49,355.37,245.16
원익홀딩스,030530,2023,Q1,2023-Q1_단독,1분기보고서(Q1단독),연결(CFS),2130.69,104.86,56.18,2130.69,104.86,56.18
원익홀딩스,030530,2023,Q2,2023-Q2_단독,반기보고서(Q2단독),연결(CFS),1632.00,51.69,-92.01,1632.00,51.69,-92.01
원익홀딩스,030530,2023,Q3,2023-Q3_단독,3분기보고서(Q3단독),연결(CFS),1860.65,179.51,57.15,1860.65,179.51,57.15
원익홀딩스,030530,2023,Q4,2023-FY_누적,사업보고서(FY누적),연결(CFS),7495.27,457.75,-238.02,1871.92,121.68,-259.33
원익홀딩스,030530,2024,Q1,2024-Q1_단독,1분기보고서(Q1단독),연결(CFS),1168.11,-29.05,-239.75,1168.11,-29.05,-239.75
원익홀딩스,030530,2024,Q2,2024-Q2_단독,반기보고서(Q2단독),연결(CFS),1752.01,95.42,-9.02,1752.01,95.42,-9.02
원익홀딩스,030530,2024,Q3,2024-Q3_단독,3분기보고서(Q3단독),연결(CFS),1462.86,109.63,-4.25,1462.86,109.63,-4.25
원익홀딩스,030530,2024,Q4,2024-FY_누적,사업보고서(FY누적),연결(CFS),6454.73,306.14,-610.63,2071.75,130.14,-357.61
원익홀딩스,030530,2025,Q1,2025-Q1_단독,1분기보고서(Q1단독),연결(CFS),1710.19,102.33,115.53,1710.19,102.33,115.53
원익홀딩스,030530,2025,Q2,2025-Q2_단독,반기보고서(Q2단독),연결(CFS),1575.57,-18.60,-29.91,1575.57,-18.60,-29.91
원익홀딩스,030530,2025,Q3,2025-Q3_단독,3분기보고서(Q3단독),연결(CFS),1433.96,-80.68,299.67,1433.96,-80.68,299.67
원익홀딩스,030530,2025,Q4,2025-FY_누적,사업보고서(FY누적),연결(CFS),6229.92,-4.18,504.27,1510.20,-7.23,118.98
원익홀딩스,030530,2026,Q1,2026-Q1_단독,1분기보고서(Q1단독),연결(CFS),1171.44,-23.16,48.36,1171.44,-23.16,48.36
양지사,030960,2021,Q1,2021-Q1_단독,1분기보고서(Q1단독),별도(OFS),99.11,14.74,16.17,99.11,14.74,16.17
양지사,030960,2021,Q2,2021-Q2_단독,반기보고서(Q2단독),별도(OFS),206.49,4.53,-4.62,206.49,4.53,-4.62
양지사,030960,2021,Q3,2021-Q3_단독,3분기보고서(Q3단독),별도(OFS),59.79,-23.98,-15.00,59.79,-23.98,-15.00
양지사,030960,2021,Q4,2021-FY_누적,사업보고서(FY누적),별도(OFS),443.99,-20.61,13.19,78.59,-15.89,16.64
양지사,030960,2022,Q1,2022-Q1_단독,1분기보고서(Q1단독),별도(OFS),131.83,0.07,2.83,131.83,0.07,2.83
양지사,030960,2022,Q2,2022-Q2_단독,반기보고서(Q2단독),별도(OFS),289.89,-18.95,19.97,289.89,-18.95,19.97
양지사,030960,2022,Q3,2022-Q3_단독,3분기보고서(Q3단독),연결(CFS),66.52,-8.65,5.25,66.52,-8.65,5.25
양지사,030960,2022,Q4,2022-FY_누적,사업보고서(FY누적),별도(OFS),448.98,-5.95,-40.88,-39.27,21.58,-68.94
양지사,030960,2023,Q1,2023-Q1_단독,1분기보고서(Q1단독),별도(OFS),111.56,0.87,13.79,111.56,0.87,13.79
양지사,030960,2023,Q2,2023-Q2_단독,반기보고서(Q2단독),별도(OFS),282.20,16.62,18.85,282.20,16.62,18.85
양지사,030960,2023,Q3,2023-Q3_단독,3분기보고서(Q3단독),별도(OFS),97.69,-19.83,12.20,97.69,-19.83,12.20
양지사,030960,2023,Q4,2023-FY_누적,사업보고서(FY누적),별도(OFS),621.35,-69.19,12.19,129.90,-66.85,-32.66
양지사,030960,2024,Q1,2024-Q1_단독,1분기보고서(Q1단독),별도(OFS),108.92,-6.11,0.28,108.92,-6.11,0.28
양지사,030960,2024,Q2,2024-Q2_단독,반기보고서(Q2단독),별도(OFS),267.47,25.53,32.37,267.47,25.53,32.37
양지사,030960,2024,Q3,2024-Q3_단독,3분기보고서(Q3단독),별도(OFS),87.93,1.88,12.95,87.93,1.88,12.95
양지사,030960,2024,Q4,2024-FY_누적,사업보고서(FY누적),별도(OFS),581.51,1.56,44.48,117.19,-19.75,-1.13
양지사,030960,2025,Q1,2025-Q1_단독,1분기보고서(Q1단독),별도(OFS),100.20,-7.37,1.50,100.20,-7.37,1.50
양지사,030960,2025,Q2,2025-Q2_단독,반기보고서(Q2단독),별도(OFS),250.60,13.22,17.63,250.60,13.22,17.63
양지사,030960,2025,Q3,2025-Q3_단독,3분기보고서(Q3단독),별도(OFS),93.39,-39.81,-23.37,93.39,-39.81,-23.37
양지사,030960,2025,Q4,2025-FY_누적,사업보고서(FY누적),별도(OFS),558.64,-60.80,-15.95,114.45,-26.84,-11.70
양지사,030960,2026,Q1,2026-Q1_단독,1분기보고서(Q1단독)
아이즈비전,031310,2021,Q1,2021-Q1_단독,1분기보고서(Q1단독),연결(CFS),335.90,30.50,62.00,335.90,30.50,62.00
아이즈비전,031310,2021,Q2,2021-Q2_단독,반기보고서(Q2단독),연결(CFS),356.38,36.62,42.28,356.38,36.62,42.28
아이즈비전,031310,2021,Q3,2021-Q3_단독,3분기보고서(Q3단독),연결(CFS),333.52,16.27,58.57,333.52,16.27,58.57
아이즈비전,031310,2021,Q4,2021-FY_누적,사업보고서(FY누적),연결(CFS),1450.25,85.89,205.30,424.46,2.51,42.46
아이즈비전,031310,2022,Q1,2022-Q1_단독,1분기보고서(Q1단독),연결(CFS),407.07,18.20,-5.98,407.07,18.20,-5.98
아이즈비전,031310,2022,Q2,2022-Q2_단독,반기보고서(Q2단독),연결(CFS),562.70,29.59,-63.95,562.70,29.59,-63.95
아이즈비전,031310,2022,Q3,2022-Q3_단독,3분기보고서(Q3단독),연결(CFS),445.50,4.90,-2.57,445.50,4.90,-2.57
아이즈비전,031310,2022,Q4,2022-FY_누적,사업보고서(FY누적),연결(CFS),1916.22,63.44,-53.91,500.95,10.75,18.60
아이즈비전,031310,2023,Q1,2023-Q1_단독,1분기보고서(Q1단독),연결(CFS),502.82,25.08,17.46,502.82,25.08,17.46
아이즈비전,031310,2023,Q2,2023-Q2_단독,반기보고서(Q2단독),연결(CFS),519.40,50.87,44.68,519.40,50.87,44.68
아이즈비전,031310,2023,Q3,2023-Q3_단독,3분기보고서(Q3단독),연결(CFS),441.39,17.88,-10.71,441.39,17.88,-10.71
아이즈비전,031310,2023,Q4,2023-FY_누적,사업보고서(FY누적),연결(CFS),1909.68,67.86,-8.08,446.07,-25.97,-59.51
아이즈비전,031310,2024,Q1,2024-Q1_단독,1분기보고서(Q1단독),연결(CFS),449.29,14.33,117.46,449.29,14.33,117.46
아이즈비전,031310,2024,Q2,2024-Q2_단독,반기보고서(Q2단독),연결(CFS),483.18,0.30,-10.83,483.18,0.30,-10.83
아이즈비전,031310,2024,Q3,2024-Q3_단독,3분기보고서(Q3단독),연결(CFS),442.87,6.25,9.43,442.87,6.25,9.43
아이즈비전,031310,2024,Q4,2024-FY_누적,사업보고서(FY누적),연결(CFS),1827.83,10.25,-8.58,452.49,-10.64,-124.64
아이즈비전,031310,2025,Q1,2025-Q1_단독,1분기보고서(Q1단독),연결(CFS),360.40,-9.15,-4.82,360.40,-9.15,-4.82
아이즈비전,031310,2025,Q2,2025-Q2_단독,반기보고서(Q2단독),연결(CFS),472.05,15.02,29.21,472.05,15.02,29.21
아이즈비전,031310,2025,Q3,2025-Q3_단독,3분기보고서(Q3단독),연결(CFS),465.99,16.11,74.54,465.99,16.11,74.54
아이즈비전,031310,2025,Q4,2025-FY_누적,사업보고서(FY누적),연결(CFS),1943.76,33.78,88.04,645.32,11.79,-10.89
아이즈비전,031310,2026,Q1,2026-Q1_단독,1분기보고서(Q1단독),연결(CFS),467.33,-0.17,12.89,467.33,-0.17,12.89
에스에이엠티,031330,2021,Q1,2021-Q1_단독,1분기보고서(Q1단독),연결(CFS),5318.39,221.74,118.62,5318.39,221.74,118.62
에스에이엠티,031330,2021,Q2,2021-Q2_단독,반기보고서(Q2단독),연결(CFS),4945.96,188.14,148.62,4945.96,188.14,148.62
에스에이엠티,031330,2021,Q3,2021-Q3_단독,3분기보고서(Q3단독),연결(CFS),5978.38,247.45,194.81,5978.38,247.45,194.81
에스에이엠티,031330,2021,Q4,2021-FY_누적,사업보고서(FY누적),연결(CFS),22319.76,844.70,601.41,6077.02,187.38,139.36
에스에이엠티,031330,2022,Q1,2022-Q1_단독,1분기보고서(Q1단독),연결(CFS),7028.60,260.74,196.92,7028.60,260.74,196.92
에스에이엠티,031330,2022,Q2,2022-Q2_단독,반기보고서(Q2단독),연결(CFS),6708.57,217.35,152.01,6708.57,217.35,152.01
에스에이엠티,031330,2022,Q3,2022-Q3_단독,3분기보고서(Q3단독),연결(CFS),6068.03,196.23,116.86,6068.03,196.23,116.86
에스에이엠티,031330,2022,Q4,2022-FY_누적,사업보고서(FY누적),연결(CFS),25443.86,787.65,577.90,5638.65,113.32,112.11
에스에이엠티,031330,2023,Q1,2023-Q1_단독,1분기보고서(Q1단독),연결(CFS),4837.95,128.79,57.27,4837.95,128.79,57.27
에스에이엠티,031330,2023,Q2,2023-Q2_단독,반기보고서(Q2단독),연결(CFS),4900.70,126.58,64.80,4900.70,126.58,64.80
에스에이엠티,031330,2023,Q3,2023-Q3_단독,3분기보고서(Q3단독),연결(CFS),5411.51,150.57,87.31,5411.51,150.57,87.31
에스에이엠티,031330,2023,Q4,2023-FY_누적,사업보고서(FY누적),연결(CFS),21450.68,535.43,329.42,6300.52,129.48,120.04
에스에이엠티,031330,2024,Q1,2024-Q1_단독,1분기보고서(Q1단독),연결(CFS),6899.14,214.93,159.61,6899.14,214.93,159.61
에스에이엠티,031330,2024,Q2,2024-Q2_단독,반기보고서(Q2단독),연결(CFS),7181.31,148.64,215.99,7181.31,148.64,215.99
에스에이엠티,031330,2024,Q3,2024-Q3_단독,3분기보고서(Q3단독),연결(CFS),7340.85,147.09,79.08,7340.85,147.09,79.08
에스에이엠티,031330,2024,Q4,2024-FY_누적,사업보고서(FY누적),연결(CFS),28894.73,673.70,543.62,7473.44,163.04,88.94
에스에이엠티,031330,2025,Q1,2025-Q1_단독,1분기보고서(Q1단독),연결(CFS),7643.65,195.38,119.09,7643.65,195.38,119.09
에스에이엠티,031330,2025,Q2,2025-Q2_단독,반기보고서(Q2단독),연결(CFS),9180.11,222.52,146.32,9180.11,222.52,146.32
에스에이엠티,031330,2025,Q3,2025-Q3_단독,3분기보고서(Q3단독),연결(CFS),10286.43,271.58,149.21,10286.43,271.58,149.21
에스에이엠티,031330,2025,Q4,2025-FY_누적,사업보고서(FY누적),연결(CFS),37565.94,1139.01,758.29,10455.77,449.54,343.67
에스에이엠티,031330,2026,Q1,2026-Q1_단독,1분기보고서(Q1단독),연결(CFS),17953.79,3273.03,2420.09,17953.79,3273.03,2420.09
오스템,031510,2021,Q1,2021-Q1_단독,1분기보고서(Q1단독),연결(CFS),312.95,2.35,2.69,312.95,2.35,2.69
오스템,031510,2021,Q2,2021-Q2_단독,반기보고서(Q2단독),연결(CFS),254.28,5.05,-13.64,254.28,5.05,-13.64
오스템,031510,2021,Q3,2021-Q3_단독,3분기보고서(Q3단독),연결(CFS),285.12,-22.75,-8.69,285.12,-22.75,-8.69
오스템,031510,2021,Q4,2021-FY_누적,사업보고서(FY누적),연결(CFS),1127.84,-3.32,-122.92,275.49,12.02,-103.28
오스템,031510,2022,Q1,2022-Q1_단독,1분기보고서(Q1단독),연결(CFS),228.42,-28.29,-31.47,228.42,-28.29,-31.47
오스템,031510,2022,Q2,2022-Q2_단독,반기보고서(Q2단독),연결(CFS),261.65,8.60,1.79,261.65,8.60,1.79
오스템,031510,2022,Q3,2022-Q3_단독,3분기보고서(Q3단독),연결(CFS),327.11,-22.56,-31.35,327.11,-22.56,-31.35
오스템,031510,2022,Q4,2022-FY_누적,사업보고서(FY누적),연결(CFS),1108.93,-46.59,-136.61,291.76,-4.34,-75.58
오스템,031510,2023,Q1,2023-Q1_단독,1분기보고서(Q1단독),연결(CFS),308.25,-5.12,49.70,308.25,-5.12,49.70
오스템,031510,2023,Q2,2023-Q2_단독,반기보고서(Q2단독),연결(CFS),408.40,47.71,167.72,408.40,47.71,167.72
오스템,031510,2023,Q3,2023-Q3_단독,3분기보고서(Q3단독),연결(CFS),338.05,25.69,66.13,338.05,25.69,66.13
오스템,031510,2023,Q4,2023-FY_누적,사업보고서(FY누적),연결(CFS),1419.76,99.04,74.45,365.05,30.77,-209.09
오스템,031510,2024,Q1,2024-Q1_단독,1분기보고서(Q1단독),연결(CFS),399.04,25.58,-11.07,399.04,25.58,-11.07
오스템,031510,2024,Q2,2024-Q2_단독,반기보고서(Q2단독),연결(CFS),306.32,13.92,-35.91,306.32,13.92,-35.91
오스템,031510,2024,Q3,2024-Q3_단독,3분기보고서(Q3단독),연결(CFS),223.03,-36.82,-88.10,223.03,-36.82,-88.10
오스템,031510,2024,Q4,2024-FY_누적,사업보고서(FY누적),연결(CFS),1278.65,4.35,-390.35,350.26,1.67,-255.26
오스템,031510,2025,Q1,2025-Q1_단독,1분기보고서(Q1단독),연결(CFS),242.67,-26.59,-25.12,242.67,-26.59,-25.12
오스템,031510,2025,Q2,2025-Q2_단독,반기보고서(Q2단독),연결(CFS),301.17,23.86,18.63,301.17,23.86,18.63
오스템,031510,2025,Q3,2025-Q3_단독,3분기보고서(Q3단독),연결(CFS),409.08,38.40,22.73,409.08,38.40,22.73
오스템,031510,2025,Q4,2025-FY_누적,사업보고서(FY누적),연결(CFS),1285.49,41.48,8.03,332.57,5.82,-8.21
오스템,031510,2026,Q1,2026-Q1_단독,1분기보고서(Q1단독),연결(CFS),341.61,27.08,84.02,341.61,27.08,84.02
디에이치엑스컴퍼니,031860,2021,Q1,2021-Q1_단독,1분기보고서(Q1단독),연결(CFS),69.57,-23.60,-43.37,69.57,-23.60,-43.37
디에이치엑스컴퍼니,031860,2021,Q2,2021-Q2_단독,반기보고서(Q2단독),연결(CFS),89.69,-26.05,-22.33,89.69,-26.05,-22.33
디에이치엑스컴퍼니,031860,2021,Q3,2021-Q3_단독,3분기보고서(Q3단독),연결(CFS),50.61,-30.58,-59.87,50.61,-30.58,-59.87
디에이치엑스컴퍼니,031860,2021,Q4,2021-FY_누적,사업보고서(FY누적),연결(CFS),254.39,-86.40,-160.55,44.53,-6.17,-34.98
디에이치엑스컴퍼니,031860,2022,Q1,2022-Q1_단독,1분기보고서(Q1단독),연결(CFS),21.09,-31.41,-46.47,21.09,-31.41,-46.47
디에이치엑스컴퍼니,031860,2022,Q2,2022-Q2_단독,반기보고서(Q2단독),연결(CFS),22.30,-14.77,-58.65,22.30,-14.77,-58.65
디에이치엑스컴퍼니,031860,2022,Q3,2022-Q3_단독,3분기보고서(Q3단독),연결(CFS),53.66,-19.34,-19.17,53.66,-19.34,-19.17
디에이치엑스컴퍼니,031860,2022,Q4,2022-FY_누적,사업보고서(FY누적),연결(CFS),83.49,-64.74,-151.93,-13.56,0.77,-27.63
디에이치엑스컴퍼니,031860,2023,Q1,2023-Q1_단독,1분기보고서(Q1단독),연결(CFS),23.34,-24.89,-26.49,23.34,-24.89,-26.49
디에이치엑스컴퍼니,031860,2023,Q2,2023-Q2_단독,반기보고서(Q2단독),연결(CFS),23.30,-22.34,-121.90,23.30,-22.34,-121.90
디에이치엑스컴퍼니,031860,2023,Q3,2023-Q3_단독,3분기보고서(Q3단독),연결(CFS),37.49,-19.82,-13.47,37.49,-19.82,-13.47
디에이치엑스컴퍼니,031860,2023,Q4,2023-FY_누적,사업보고서(FY누적),연결(CFS),113.09,-130.71,-325.02,28.96,-63.66,-163.15
디에이치엑스컴퍼니,031860,2024,Q1,2024-Q1_단독,1분기보고서(Q1단독),연결(CFS),26.95,-33.76,-33.23,26.95,-33.76,-33.23
디에이치엑스컴퍼니,031860,2024,Q2,2024-Q2_단독,반기보고서(Q2단독),연결(CFS),29.49,-19.47,9.48,29.49,-19.47,9.48
디에이치엑스컴퍼니,031860,2024,Q3,2024-Q3_단독,3분기보고서(Q3단독),연결(CFS),31.03,-21.93,-38.56,31.03,-21.93,-38.56
디에이치엑스컴퍼니,031860,2024,Q4,2024-FY_누적,사업보고서(FY누적),연결(CFS),95.44,-61.20,-182.68,7.97,13.96,-120.37
디에이치엑스컴퍼니,031860,2025,Q1,2025-Q1_단독,1분기보고서(Q1단독),연결(CFS),37.71,-19.74,-26.65,37.71,-19.74,-26.65
디에이치엑스컴퍼니,031860,2025,Q2,2025-Q2_단독,반기보고서(Q2단독),연결(CFS),36.95,-19.00,-63.63,36.95,-19.00,-63.63
디에이치엑스컴퍼니,031860,2025,Q3,2025-Q3_단독,3분기보고서(Q3단독),연결(CFS),40.09,-14.97,-18.49,40.09,-14.97,-18.49
디에이치엑스컴퍼니,031860,2025,Q4,2025-FY_누적,사업보고서(FY누적),연결(CFS),145.12,-78.33,-343.52,30.37,-24.62,-234.75
디에이치엑스컴퍼니,031860,2026,Q1,2026-Q1_단독,1분기보고서(Q1단독),연결(CFS),31.95,-19.42,-19.05,31.95,-19.42,-19.05
피에스케이홀딩스,031980,2021,Q1,2021-Q1_단독,1분기보고서(Q1단독),연결(CFS),97.94,-8.85,86.35,97.94,-8.85,86.35
피에스케이홀딩스,031980,2021,Q2,2021-Q2_단독,반기보고서(Q2단독),연결(CFS),181.36,39.25,194.42,181.36,39.25,194.42
피에스케이홀딩스,031980,2021,Q3,2021-Q3_단독,3분기보고서(Q3단독),연결(CFS),203.03,66.69,70.42,203.03,66.69,70.42
피에스케이홀딩스,031980,2021,Q4,2021-FY_누적,사업보고서(FY누적),연결(CFS),816.24,226.27,466.17,333.91,129.17,114.98
피에스케이홀딩스,031980,2022,Q1,2022-Q1_단독,1분기보고서(Q1단독),연결(CFS),117.03,11.13,40.08,117.03,11.13,40.08
피에스케이홀딩스,031980,2022,Q2,2022-Q2_단독,반기보고서(Q2단독),연결(CFS),149.98,33.71,68.25,149.98,33.71,68.25
피에스케이홀딩스,031980,2022,Q3,2022-Q3_단독,3분기보고서(Q3단독),연결(CFS),147.36,26.80,125.98,147.36,26.80,125.98
피에스케이홀딩스,031980,2022,Q4,2022-FY_누적,사업보고서(FY누적),연결(CFS),727.91,169.03,407.58,313.55,97.38,173.26
피에스케이홀딩스,031980,2023,Q1,2023-Q1_단독,1분기보고서(Q1단독),연결(CFS),149.13,34.96,87.37,149.13,34.96,87.37
피에스케이홀딩스,031980,2023,Q2,2023-Q2_단독,반기보고서(Q2단독),연결(CFS),254.46,85.42,56.68,254.46,85.42,56.68
피에스케이홀딩스,031980,2023,Q3,2023-Q3_단독,3분기보고서(Q3단독),연결(CFS),148.55,9.34,76.59,148.55,9.34,76.59
피에스케이홀딩스,031980,2023,Q4,2023-FY_누적,사업보고서(FY누적),연결(CFS),947.17,269.71,426.96,395.03,139.98,206.32
피에스케이홀딩스,031980,2024,Q1,2024-Q1_단독,1분기보고서(Q1단독),연결(CFS),380.94,154.21,189.72,380.94,154.21,189.72
피에스케이홀딩스,031980,2024,Q2,2024-Q2_단독,반기보고서(Q2단독),연결(CFS),405.24,155.75,151.63,405.24,155.75,151.63
피에스케이홀딩스,031980,2024,Q3,2024-Q3_단독,3분기보고서(Q3단독),연결(CFS),390.57,142.78,198.38,390.57,142.78,198.38
피에스케이홀딩스,031980,2024,Q4,2024-FY_누적,사업보고서(FY누적),연결(CFS),2155.08,884.83,958.20,978.33,432.09,418.47
피에스케이홀딩스,031980,2025,Q1,2025-Q1_단독,1분기보고서(Q1단독),연결(CFS),311.51,95.39,156.29,311.51,95.39,156.29
피에스케이홀딩스,031980,2025,Q2,2025-Q2_단독,반기보고서(Q2단독),연결(CFS),346.57,84.50,173.82,346.57,84.50,173.82
피에스케이홀딩스,031980,2025,Q3,2025-Q3_단독,3분기보고서(Q3단독),연결(CFS),905.55,412.38,389.18,905.55,412.38,389.18
피에스케이홀딩스,031980,2025,Q4,2025-FY_누적,사업보고서(FY누적),연결(CFS),2077.64,734.01,916.85,514.01,141.73,197.56
피에스케이홀딩스,031980,2026,Q1,2026-Q1_단독,1분기보고서(Q1단독),연결(CFS),279.85,91.71,200.58,279.85,91.71,200.58
아즈텍WB,032080,2021,Q1,2021-Q1_단독,1분기보고서(Q1단독),별도(OFS),64.28,-1.11,3.66,64.28,-1.11,3.66
아즈텍WB,032080,2021,Q2,2021-Q2_단독,반기보고서(Q2단독),별도(OFS),66.29,-20.44,0.93,66.29,-20.44,0.93
아즈텍WB,032080,2021,Q3,2021-Q3_단독,3분기보고서(Q3단독),별도(OFS),127.10,12.45,35.51,127.10,12.45,35.51
아즈텍WB,032080,2021,Q4,2021-FY_누적,사업보고서(FY누적),별도(OFS),363.54,-3.77,115.41,105.87,5.32,75.31
아즈텍WB,032080,2022,Q1,2022-Q1_단독,1분기보고서(Q1단독),별도(OFS),78.51,-0.87,19.85,78.51,-0.87,19.85
아즈텍WB,032080,2022,Q2,2022-Q2_단독,반기보고서(Q2단독),별도(OFS),109.39,2.61,-28.37,109.39,2.61,-28.37
아즈텍WB,032080,2022,Q3,2022-Q3_단독,3분기보고서(Q3단독),별도(OFS),156.27,12.71,19.42,156.27,12.71,19.42
아즈텍WB,032080,2022,Q4,2022-FY_누적,사업보고서(FY누적),별도(OFS),454.74,21.49,-14.21,110.57,7.04,-25.10
아즈텍WB,032080,2023,Q1,2023-Q1_단독,1분기보고서(Q1단독),별도(OFS),79.07,0.25,8.26,79.07,0.25,8.26
아즈텍WB,032080,2023,Q2,2023-Q2_단독,반기보고서(Q2단독),별도(OFS),93.78,-12.95,22.75,93.78,-12.95,22.75
아즈텍WB,032080,2023,Q3,2023-Q3_단독,3분기보고서(Q3단독),별도(OFS),106.08,6.35,-21.91,106.08,6.35,-21.91
아즈텍WB,032080,2023,Q4,2023-FY_누적,사업보고서(FY누적),별도(OFS),370.89,-0.75,-13.18,91.96,5.60,-22.28
아즈텍WB,032080,2024,Q1,2024-Q1_단독,1분기보고서(Q1단독),별도(OFS),85.53,3.70,2.15,85.53,3.70,2.15
아즈텍WB,032080,2024,Q2,2024-Q2_단독,반기보고서(Q2단독),별도(OFS),81.91,-4.37,-4.56,81.91,-4.37,-4.56
아즈텍WB,032080,2024,Q3,2024-Q3_단독,3분기보고서(Q3단독),별도(OFS),95.44,3.99,12.33,95.44,3.99,12.33
아즈텍WB,032080,2024,Q4,2024-FY_누적,사업보고서(FY누적),별도(OFS),353.66,5.45,-20.44,90.77,2.12,-30.36
아즈텍WB,032080,2025,Q1,2025-Q1_단독,1분기보고서(Q1단독),별도(OFS),62.04,-1.89,4.15,62.04,-1.89,4.15
아즈텍WB,032080,2025,Q2,2025-Q2_단독,반기보고서(Q2단독),별도(OFS),68.95,-3.75,21.36,68.95,-3.75,21.36
아즈텍WB,032080,2025,Q3,2025-Q3_단독,3분기보고서(Q3단독),별도(OFS),79.35,-2.57,3.96,79.35,-2.57,3.96
아즈텍WB,032080,2025,Q4,2025-FY_누적,사업보고서(FY누적),별도(OFS),302.29,4.59,9.29,91.94,12.80,-20.18
아즈텍WB,032080,2026,Q1,2026-Q1_단독,1분기보고서(Q1단독),별도(OFS),48.30,-10.77,3.50,48.30,-10.77,3.50
다우데이타,032190,2021,Q1,2021-Q1_단독,1분기보고서(Q1단독),연결(CFS),15952.44,3760.20,2746.53,15952.44,3760.20,2746.53
다우데이타,032190,2021,Q2,2021-Q2_단독,반기보고서(Q2단독),연결(CFS),12027.01,3222.65,2223.65,12027.01,3222.65,2223.65
다우데이타,032190,2021,Q3,2021-Q3_단독,3분기보고서(Q3단독),연결(CFS),14810.31,3529.72,2490.39,14810.31,3529.72,2490.39
다우데이타,032190,2021,Q4,2021-FY_누적,사업보고서(FY누적),연결(CFS),65800.54,13154.52,9018.29,23010.79,2641.95,1557.72
다우데이타,032190,2022,Q1,2022-Q1_단독,1분기보고서(Q1단독),연결(CFS),21588.01,2488.33,1532.37,21588.01,2488.33,1532.37
다우데이타,032190,2022,Q2,2022-Q2_단독,반기보고서(Q2단독),연결(CFS),26287.56,1668.22,1264.96,26287.56,1668.22,1264.96
다우데이타,032190,2022,Q3,2022-Q3_단독,3분기보고서(Q3단독),연결(CFS),28602.06,2100.96,1736.76,28602.06,2100.96,1736.76
다우데이타,032190,2022,Q4,2022-FY_누적,사업보고서(FY누적),연결(CFS),97472.11,7766.96,7338.30,20994.48,1509.45,2804.22
다우데이타,032190,2023,Q1,2023-Q1_단독,1분기보고서(Q1단독),연결(CFS),32688.98,4116.72,3005.17,32688.98,4116.72,3005.17
다우데이타,032190,2023,Q2,2023-Q2_단독,반기보고서(Q2단독),연결(CFS),24083.40,2124.12,1505.86,24083.40,2124.12,1505.86
다우데이타,032190,2023,Q3,2023-Q3_단독,3분기보고서(Q3단독),연결(CFS),23027.01,2988.72,2352.96,23027.01,2988.72,2352.96
다우데이타,032190,2023,Q4,2023-FY_누적,사업보고서(FY누적),연결(CFS),103340.25,6679.43,4428.96,23540.86,-2550.13,-2435.03
다우데이타,032190,2024,Q1,2024-Q1_단독,1분기보고서(Q1단독),연결(CFS),28503.20,3684.65,2765.30,28503.20,3684.65,2765.30
다우데이타,032190,2024,Q2,2024-Q2_단독,반기보고서(Q2단독),연결(CFS),24886.97,3406.73,2374.02,24886.97,3406.73,2374.02
다우데이타,032190,2024,Q3,2024-Q3_단독,3분기보고서(Q3단독),연결(CFS),29256.82,2964.78,2183.09,29256.82,2964.78,2183.09
다우데이타,032190,2024,Q4,2024-FY_누적,사업보고서(FY누적),연결(CFS),121361.23,12058.70,8659.04,38714.23,2002.54,1336.64
다우데이타,032190,2025,Q1,2025-Q1_단독,1분기보고서(Q1단독),연결(CFS),38765.36,3498.34,2403.44,38765.36,3498.34,2403.44
다우데이타,032190,2025,Q2,2025-Q2_단독,반기보고서(Q2단독),연결(CFS),47289.79,4387.89,3275.90,47289.79,4387.89,3275.90
다우데이타,032190,2025,Q3,2025-Q3_단독,3분기보고서(Q3단독),연결(CFS),35993.55,4420.10,3355.27,35993.55,4420.10,3355.27
다우데이타,032190,2025,Q4,2025-FY_누적,사업보고서(FY누적),연결(CFS),180519.61,15998.81,11996.83,58470.92,3692.46,2962.22
다우데이타,032190,2026,Q1,2026-Q1_단독,1분기보고서(Q1단독),연결(CFS),96372.13,6473.16,4826.09,96372.13,6473.16,4826.09
삼일,032280,2021,Q1,2021-Q1_단독,1분기보고서(Q1단독),별도(OFS),199.51,-3.22,-3.74,199.51,-3.22,-3.74
삼일,032280,2021,Q2,2021-Q2_단독,반기보고서(Q2단독),별도(OFS),216.98,-2.80,-2.60,216.98,-2.80,-2.60
삼일,032280,2021,Q3,2021-Q3_단독,3분기보고서(Q3단독),별도(OFS),216.24,0.09,-1.57,216.24,0.09,-1.57
삼일,032280,2021,Q4,2021-FY_누적,사업보고서(FY누적),별도(OFS),853.69,-27.59,-26.04,220.96,-21.67,-18.13
삼일,032280,2022,Q1,2022-Q1_단독,1분기보고서(Q1단독),별도(OFS),222.85,4.59,3.27,222.85,4.59,3.27
삼일,032280,2022,Q2,2022-Q2_단독,반기보고서(Q2단독),별도(OFS),246.52,10.10,7.78,246.52,10.10,7.78
삼일,032280,2022,Q3,2022-Q3_단독,3분기보고서(Q3단독),별도(OFS),219.89,-2.34,-4.41,219.89,-2.34,-4.41
삼일,032280,2022,Q4,2022-FY_누적,사업보고서(FY누적),별도(OFS),919.79,17.96,12.32,230.53,5.61,5.68
삼일,032280,2023,Q1,2023-Q1_단독,1분기보고서(Q1단독),별도(OFS),253.63,3.27,23.12,253.63,3.27,23.12
삼일,032280,2023,Q2,2023-Q2_단독,반기보고서(Q2단독),별도(OFS),257.14,7.12,2.65,257.14,7.12,2.65
삼일,032280,2023,Q3,2023-Q3_단독,3분기보고서(Q3단독),별도(OFS),246.58,3.32,0.31,246.58,3.32,0.31
삼일,032280,2023,Q4,2023-FY_누적,사업보고서(FY누적),별도(OFS),996.69,17.22,28.28,239.34,3.50,2.20
삼일,032280,2024,Q1,2024-Q1_단독,1분기보고서(Q1단독),별도(OFS),268.30,6.26,4.48,268.30,6.26,4.48
삼일,032280,2024,Q2,2024-Q2_단독,반기보고서(Q2단독),별도(OFS),266.33,8.39,4.35,266.33,8.39,4.35
삼일,032280,2024,Q3,2024-Q3_단독,3분기보고서(Q3단독),별도(OFS),255.27,6.85,3.39,255.27,6.85,3.39
삼일,032280,2024,Q4,2024-FY_누적,사업보고서(FY누적),별도(OFS),1051.09,24.74,12.37,261.19,3.24,0.15
삼일,032280,2025,Q1,2025-Q1_단독,1분기보고서(Q1단독),별도(OFS),244.43,5.62,6.38,244.43,5.62,6.38
삼일,032280,2025,Q2,2025-Q2_단독,반기보고서(Q2단독),별도(OFS),247.97,4.53,0.82,247.97,4.53,0.82
삼일,032280,2025,Q3,2025-Q3_단독,3분기보고서(Q3단독),별도(OFS),260.17,6.42,3.41,260.17,6.42,3.41
삼일,032280,2025,Q4,2025-FY_누적,사업보고서(FY누적),별도(OFS),999.90,21.29,9.61,247.33,4.72,-1.01
삼일,032280,2026,Q1,2026-Q1_단독,1분기보고서(Q1단독),별도(OFS),243.51,4.24,7.91,243.51,4.24,7.91
한국파마,032300,2021,Q1,2021-Q1_단독,1분기보고서(Q1단독),별도(OFS),179.26,12.31,8.80,179.26,12.31,8.80
한국파마,032300,2021,Q2,2021-Q2_단독,반기보고서(Q2단독),별도(OFS),201.16,12.24,25.98,201.16,12.24,25.98
한국파마,032300,2021,Q3,2021-Q3_단독,3분기보고서(Q3단독),별도(OFS),192.82,13.76,14.71,192.82,13.76,14.71
한국파마,032300,2021,Q4,2021-FY_누적,사업보고서(FY누적),별도(OFS),795.77,50.14,63.68,222.53,11.82,14.19
한국파마,032300,2022,Q1,2022-Q1_단독,1분기보고서(Q1단독),별도(OFS),186.32,13.42,5.46,186.32,13.42,5.46
한국파마,032300,2022,Q2,2022-Q2_단독,반기보고서(Q2단독),별도(OFS),201.87,20.55,9.36,201.87,20.55,9.36
한국파마,032300,2022,Q3,2022-Q3_단독,3분기보고서(Q3단독),별도(OFS),204.37,15.43,6.48,204.37,15.43,6.48
한국파마,032300,2022,Q4,2022-FY_누적,사업보고서(FY누적),별도(OFS),810.29,61.87,-11.19,217.74,12.47,-32.49
한국파마,032300,2023,Q1,2023-Q1_단독,1분기보고서(Q1단독),별도(OFS),203.84,16.19,0.73,203.84,16.19,0.73
한국파마,032300,2023,Q2,2023-Q2_단독,반기보고서(Q2단독),별도(OFS),225.65,22.73,-5.02,225.65,22.73,-5.02
한국파마,032300,2023,Q3,2023-Q3_단독,3분기보고서(Q3단독),별도(OFS),198.26,16.44,12.48,198.26,16.44,12.48
한국파마,032300,2023,Q4,2023-FY_누적,사업보고서(FY누적),별도(OFS),832.40,62.69,0.84,204.66,7.33,-7.36
한국파마,032300,2024,Q1,2024-Q1_단독,1분기보고서(Q1단독),별도(OFS),202.81,16.82,13.17,202.81,16.82,13.17
한국파마,032300,2024,Q2,2024-Q2_단독,반기보고서(Q2단독),별도(OFS),198.31,13.84,11.65,198.31,13.84,11.65
한국파마,032300,2024,Q3,2024-Q3_단독,3분기보고서(Q3단독),별도(OFS),192.22,10.97,12.53,192.22,10.97,12.53
한국파마,032300,2024,Q4,2024-FY_누적,사업보고서(FY누적),별도(OFS),812.77,60.86,37.92,219.44,19.24,0.56
한국파마,032300,2025,Q1,2025-Q1_단독,1분기보고서(Q1단독),별도(OFS),207.86,8.31,5.15,207.86,8.31,5.15
한국파마,032300,2025,Q2,2025-Q2_단독,반기보고서(Q2단독),별도(OFS),233.86,0.83,-3.76,233.86,0.83,-3.76
한국파마,032300,2025,Q3,2025-Q3_단독,3분기보고서(Q3단독),별도(OFS),239.96,5.07,-0.21,239.96,5.07,-0.21
한국파마,032300,2025,Q4,2025-FY_누적,사업보고서(FY누적),별도(OFS),876.01,-8.87,-26.40,194.34,-23.08,-27.58
한국파마,032300,2026,Q1,2026-Q1_단독,1분기보고서(Q1단독),별도(OFS),246.02,13.06,6.82,246.02,13.06,6.82
케이엠더블유,032500,2021,Q1,2021-Q1_단독,1분기보고서(Q1단독),연결(CFS),786.99,6.85,76.33,786.99,6.85,76.33
케이엠더블유,032500,2021,Q2,2021-Q2_단독,반기보고서(Q2단독),연결(CFS),462.10,-82.95,-2.13,462.10,-82.95,-2.13
케이엠더블유,032500,2021,Q3,2021-Q3_단독,3분기보고서(Q3단독),연결(CFS),362.14,-92.43,-35.52,362.14,-92.43,-35.52
케이엠더블유,032500,2021,Q4,2021-FY_누적,사업보고서(FY누적),연결(CFS),2051.59,-278.82,-37.29,440.35,-110.30,-75.97
케이엠더블유,032500,2022,Q1,2022-Q1_단독,1분기보고서(Q1단독),연결(CFS),406.67,-106.79,-97.68,406.67,-106.79,-97.68
케이엠더블유,032500,2022,Q2,2022-Q2_단독,반기보고서(Q2단독),연결(CFS),399.15,-127.25,-53.61,399.15,-127.25,-53.61
케이엠더블유,032500,2022,Q3,2022-Q3_단독,3분기보고서(Q3단독),연결(CFS),535.13,-84.79,-13.36,535.13,-84.79,-13.36
케이엠더블유,032500,2022,Q4,2022-FY_누적,사업보고서(FY누적),연결(CFS),1794.62,-449.88,-266.86,453.66,-131.05,-102.22
케이엠더블유,032500,2023,Q1,2023-Q1_단독,1분기보고서(Q1단독),연결(CFS),374.31,-135.26,-97.28,374.31,-135.26,-97.28
케이엠더블유,032500,2023,Q2,2023-Q2_단독,반기보고서(Q2단독),연결(CFS),186.96,-222.65,-242.62,186.96,-222.65,-242.62
케이엠더블유,032500,2023,Q3,2023-Q3_단독,3분기보고서(Q3단독),연결(CFS),183.62,-108.42,-142.56,183.62,-108.42,-142.56
케이엠더블유,032500,2023,Q4,2023-FY_누적,사업보고서(FY누적),연결(CFS),1000.68,-628.58,-652.87,255.80,-162.25,-170.41
케이엠더블유,032500,2024,Q1,2024-Q1_단독,1분기보고서(Q1단독),연결(CFS),197.38,-117.71,-103.51,197.38,-117.71,-103.51
케이엠더블유,032500,2024,Q2,2024-Q2_단독,반기보고서(Q2단독),연결(CFS),176.91,-134.22,-149.30,176.91,-134.22,-149.30
케이엠더블유,032500,2024,Q3,2024-Q3_단독,3분기보고서(Q3단독),연결(CFS),218.00,-119.01,-117.45,218.00,-119.01,-117.45
케이엠더블유,032500,2024,Q4,2024-FY_누적,사업보고서(FY누적),연결(CFS),873.57,-454.81,-386.04,281.28,-83.87,-15.79
케이엠더블유,032500,2025,Q1,2025-Q1_단독,1분기보고서(Q1단독),연결(CFS),261.31,-70.14,-57.43,261.31,-70.14,-57.43
케이엠더블유,032500,2025,Q2,2025-Q2_단독,반기보고서(Q2단독),연결(CFS),252.84,-46.26,-143.76,252.84,-46.26,-143.76
케이엠더블유,032500,2025,Q3,2025-Q3_단독,3분기보고서(Q3단독),연결(CFS),205.04,-70.23,-61.42,205.04,-70.23,-61.42
케이엠더블유,032500,2025,Q4,2025-FY_누적,사업보고서(FY누적),연결(CFS),975.19,-237.66,-270.33,256.00,-51.04,-7.72
케이엠더블유,032500,2026,Q1,2026-Q1_단독,1분기보고서(Q1단독),연결(CFS),214.85,-57.32,-51.17,214.85,-57.32,-51.17
TJ미디어,032540,2021,Q1,2021-Q1_단독,1분기보고서(Q1단독),연결(CFS),128.81,3.54,4.36,128.81,3.54,4.36
TJ미디어,032540,2021,Q2,2021-Q2_단독,반기보고서(Q2단독),연결(CFS),148.56,11.00,10.49,148.56,11.00,10.49
TJ미디어,032540,2021,Q3,2021-Q3_단독,3분기보고서(Q3단독),연결(CFS),135.63,-0.98,0.99,135.63,-0.98,0.99
TJ미디어,032540,2021,Q4,2021-FY_누적,사업보고서(FY누적),연결(CFS),618.54,28.26,32.10,205.54,14.69,16.26
TJ미디어,032540,2022,Q1,2022-Q1_단독,1분기보고서(Q1단독),연결(CFS),177.99,13.56,15.62,177.99,13.56,15.62
TJ미디어,032540,2022,Q2,2022-Q2_단독,반기보고서(Q2단독),연결(CFS),198.02,2.80,2.07,198.02,2.80,2.07
TJ미디어,032540,2022,Q3,2022-Q3_단독,3분기보고서(Q3단독),연결(CFS),201.94,8.23,6.76,201.94,8.23,6.76
TJ미디어,032540,2022,Q4,2022-FY_누적,사업보고서(FY누적),연결(CFS),859.11,41.42,44.97,281.16,16.83,20.52
TJ미디어,032540,2023,Q1,2023-Q1_단독,1분기보고서(Q1단독),연결(CFS),247.29,15.43,13.65,247.29,15.43,13.65
TJ미디어,032540,2023,Q2,2023-Q2_단독,반기보고서(Q2단독),연결(CFS),254.67,19.75,14.42,254.67,19.75,14.42
TJ미디어,032540,2023,Q3,2023-Q3_단독,3분기보고서(Q3단독),연결(CFS),217.94,8.68,7.36,217.94,8.68,7.36
TJ미디어,032540,2023,Q4,2023-FY_누적,사업보고서(FY누적),연결(CFS),963.99,63.31,47.04,244.09,19.45,11.61
TJ미디어,032540,2024,Q1,2024-Q1_단독,1분기보고서(Q1단독),연결(CFS),234.28,10.64,7.31,234.28,10.64,7.31
TJ미디어,032540,2024,Q2,2024-Q2_단독,반기보고서(Q2단독),연결(CFS),231.70,18.09,13.82,231.70,18.09,13.82
TJ미디어,032540,2024,Q3,2024-Q3_단독,3분기보고서(Q3단독),연결(CFS),203.56,4.58,0.47,203.56,4.58,0.47
TJ미디어,032540,2024,Q4,2024-FY_누적,사업보고서(FY누적),연결(CFS),918.72,46.64,46.46,249.19,13.33,24.86
TJ미디어,032540,2025,Q1,2025-Q1_단독,1분기보고서(Q1단독),연결(CFS),213.80,6.63,4.88,213.80,6.63,4.88
TJ미디어,032540,2025,Q2,2025-Q2_단독,반기보고서(Q2단독),연결(CFS),274.90,3.32,1.25,274.90,3.32,1.25
TJ미디어,032540,2025,Q3,2025-Q3_단독,3분기보고서(Q3단독),연결(CFS),248.20,17.47,16.22,248.20,17.47,16.22
TJ미디어,032540,2025,Q4,2025-FY_누적,사업보고서(FY누적),연결(CFS),944.35,32.88,39.87,207.45,5.46,17.52
TJ미디어,032540,2026,Q1,2026-Q1_단독,1분기보고서(Q1단독),연결(CFS),174.04,-6.76,1.11,174.04,-6.76,1.11
피델릭스,032580,2021,Q1,2021-Q1_단독,1분기보고서(Q1단독),별도(OFS),130.00,-12.17,-6.84,130.00,-12.17,-6.84
피델릭스,032580,2021,Q2,2021-Q2_단독,반기보고서(Q2단독),별도(OFS),189.56,14.19,1.48,189.56,14.19,1.48
피델릭스,032580,2021,Q3,2021-Q3_단독,3분기보고서(Q3단독),별도(OFS),213.83,15.72,23.89,213.83,15.72,23.89
피델릭스,032580,2021,Q4,2021-FY_누적,사업보고서(FY누적),별도(OFS),776.37,38.12,29.00,242.97,20.39,10.47
피델릭스,032580,2022,Q1,2022-Q1_단독,1분기보고서(Q1단독),별도(OFS),166.26,26.92,25.53,166.26,26.92,25.53
피델릭스,032580,2022,Q2,2022-Q2_단독,반기보고서(Q2단독),별도(OFS),180.64,22.47,40.83,180.64,22.47,40.83
피델릭스,032580,2022,Q3,2022-Q3_단독,3분기보고서(Q3단독),별도(OFS),173.63,6.97,31.94,173.63,6.97,31.94
피델릭스,032580,2022,Q4,2022-FY_누적,사업보고서(FY누적),별도(OFS),725.59,62.81,82.47,205.06,6.46,-15.83
피델릭스,032580,2023,Q1,2023-Q1_단독,1분기보고서(Q1단독),별도(OFS),134.40,-4.04,2.28,134.40,-4.04,2.28
피델릭스,032580,2023,Q2,2023-Q2_단독,반기보고서(Q2단독),별도(OFS),131.65,0.43,7.14,131.65,0.43,7.14
피델릭스,032580,2023,Q3,2023-Q3_단독,3분기보고서(Q3단독),별도(OFS),133.53,0.60,5.41,133.53,0.60,5.41
피델릭스,032580,2023,Q4,2023-FY_누적,사업보고서(FY누적),별도(OFS),527.84,7.10,10.62,128.26,10.11,-4.21
피델릭스,032580,2024,Q1,2024-Q1_단독,1분기보고서(Q1단독),별도(OFS),96.65,-15.72,-9.56,96.65,-15.72,-9.56
피델릭스,032580,2024,Q2,2024-Q2_단독,반기보고서(Q2단독),별도(OFS),100.21,-4.73,1.94,100.21,-4.73,1.94
피델릭스,032580,2024,Q3,2024-Q3_단독,3분기보고서(Q3단독),별도(OFS),123.60,-6.78,-14.22,123.60,-6.78,-14.22
피델릭스,032580,2024,Q4,2024-FY_누적,사업보고서(FY누적),별도(OFS),448.10,-45.28,-22.06,127.63,-18.06,-0.23
피델릭스,032580,2025,Q1,2025-Q1_단독,1분기보고서(Q1단독),별도(OFS),108.80,-6.24,-7.67,108.80,-6.24,-7.67
피델릭스,032580,2025,Q2,2025-Q2_단독,반기보고서(Q2단독),별도(OFS),119.48,-15.87,-28.70,119.48,-15.87,-28.70
피델릭스,032580,2025,Q3,2025-Q3_단독,3분기보고서(Q3단독),별도(OFS),125.40,-8.94,-5.81,125.40,-8.94,-5.81
피델릭스,032580,2025,Q4,2025-FY_누적,사업보고서(FY누적),별도(OFS),536.16,-20.66,-29.63,182.47,10.40,12.54
피델릭스,032580,2026,Q1,2026-Q1_단독,1분기보고서(Q1단독),별도(OFS),214.89,43.32,52.54,214.89,43.32,52.54
GC메디아이,032620,2021,Q1,2021-Q1_단독,1분기보고서(Q1단독),연결(CFS),264.20,32.64,86.67,264.20,32.64,86.67
GC메디아이,032620,2021,Q2,2021-Q2_단독,반기보고서(Q2단독),연결(CFS),274.00,35.39,-0.12,274.00,35.39,-0.12
GC메디아이,032620,2021,Q3,2021-Q3_단독,3분기보고서(Q3단독),연결(CFS),267.24,28.59,25.28,267.24,28.59,25.28
GC메디아이,032620,2021,Q4,2021-FY_누적,사업보고서(FY누적),연결(CFS),1117.62,99.73,136.14,312.17,3.11,24.31
GC메디아이,032620,2022,Q1,2022-Q1_단독,1분기보고서(Q1단독),연결(CFS),293.94,21.90,12.03,293.94,21.90,12.03
GC메디아이,032620,2022,Q2,2022-Q2_단독,반기보고서(Q2단독),연결(CFS),329.84,23.34,6.69,329.84,23.34,6.69
GC메디아이,032620,2022,Q3,2022-Q3_단독,3분기보고서(Q3단독),연결(CFS),344.00,21.76,27.78,344.00,21.76,27.78
GC메디아이,032620,2022,Q4,2022-FY_누적,사업보고서(FY누적),연결(CFS),1333.43,67.46,41.07,365.65,0.47,-5.42
GC메디아이,032620,2023,Q1,2023-Q1_단독,1분기보고서(Q1단독),연결(CFS),363.99,17.94,11.89,363.99,17.94,11.89
GC메디아이,032620,2023,Q2,2023-Q2_단독,반기보고서(Q2단독),연결(CFS),391.24,2.29,-31.31,391.24,2.29,-31.31
GC메디아이,032620,2023,Q3,2023-Q3_단독,3분기보고서(Q3단독),연결(CFS),378.30,4.58,-2.76,378.30,4.58,-2.76
GC메디아이,032620,2023,Q4,2023-FY_누적,사업보고서(FY누적),연결(CFS),1540.41,35.09,-9.61,406.88,10.28,12.58
GC메디아이,032620,2024,Q1,2024-Q1_단독,1분기보고서(Q1단독),연결(CFS),454.99,0.95,-3.15,454.99,0.95,-3.15
GC메디아이,032620,2024,Q2,2024-Q2_단독,반기보고서(Q2단독),연결(CFS),465.60,0.77,-10.39,465.60,0.77,-10.39
GC메디아이,032620,2024,Q3,2024-Q3_단독,3분기보고서(Q3단독),연결(CFS),468.71,6.09,-10.18,468.71,6.09,-10.18
GC메디아이,032620,2024,Q4,2024-FY_누적,사업보고서(FY누적),연결(CFS),1905.97,51.63,-15.66,516.67,43.82,8.06
GC메디아이,032620,2025,Q1,2025-Q1_단독,1분기보고서(Q1단독),연결(CFS),453.06,4.30,23.14,453.06,4.30,23.14
GC메디아이,032620,2025,Q2,2025-Q2_단독,반기보고서(Q2단독),연결(CFS),486.74,11.12,367.12,486.74,11.12,367.12
GC메디아이,032620,2025,Q3,2025-Q3_단독,3분기보고서(Q3단독),연결(CFS),506.46,29.96,24.01,506.46,29.96,24.01
GC메디아이,032620,2025,Q4,2025-FY_누적,사업보고서(FY누적),연결(CFS),1976.96,75.22,378.19,530.71,29.85,-36.07
GC메디아이,032620,2026,Q1,2026-Q1_단독,1분기보고서(Q1단독),연결(CFS),498.41,22.41,4.82,498.41,22.41,4.82
소프트센,032680,2021,Q1,2021-Q1_단독,1분기보고서(Q1단독),연결(CFS),170.66,33.11,31.33,170.66,33.11,31.33
소프트센,032680,2021,Q2,2021-Q2_단독,반기보고서(Q2단독),연결(CFS),207.59,32.24,28.76,207.59,32.24,28.76
소프트센,032680,2021,Q3,2021-Q3_단독,3분기보고서(Q3단독),연결(CFS),299.99,82.09,70.67,299.99,82.09,70.67
소프트센,032680,2021,Q4,2021-FY_누적,사업보고서(FY누적),연결(CFS),925.00,205.71,157.98,246.77,58.28,27.22
소프트센,032680,2022,Q1,2022-Q1_단독,1분기보고서(Q1단독),연결(CFS),89.89,2.60,-4.99,89.89,2.60,-4.99
소프트센,032680,2022,Q2,2022-Q2_단독,반기보고서(Q2단독),연결(CFS),152.10,44.36,57.12,152.10,44.36,57.12
소프트센,032680,2022,Q3,2022-Q3_단독,3분기보고서(Q3단독),연결(CFS),210.60,-0.85,-14.97,210.60,-0.85,-14.97
소프트센,032680,2022,Q4,2022-FY_누적,사업보고서(FY누적),연결(CFS),733730501.21,162841039.76,115872704.44,733730048.62,162840993.65,115872667.28
소프트센,032680,2023,Q1,2023-Q1_단독,1분기보고서(Q1단독),연결(CFS),92.13,-4.48,-11.07,92.13,-4.48,-11.07
소프트센,032680,2023,Q2,2023-Q2_단독,반기보고서(Q2단독),연결(CFS),168.57,-3.17,-43.02,168.57,-3.17,-43.02
소프트센,032680,2023,Q3,2023-Q3_단독,3분기보고서(Q3단독),연결(CFS),161.62,1.43,16.05,161.62,1.43,16.05
소프트센,032680,2023,Q4,2023-FY_누적,사업보고서(FY누적),연결(CFS),610.85,-14.19,-99.69,188.53,-7.97,-61.64
소프트센,032680,2024,Q1,2024-Q1_단독,1분기보고서(Q1단독),연결(CFS),101.59,-0.17,-2.93,101.59,-0.17,-2.93
소프트센,032680,2024,Q2,2024-Q2_단독,반기보고서(Q2단독),연결(CFS),172.76,-7.34,0.96,172.76,-7.34,0.96
소프트센,032680,2024,Q3,2024-Q3_단독,3분기보고서(Q3단독),연결(CFS),132.61,1.40,1.77,132.61,1.40,1.77
소프트센,032680,2024,Q4,2024-FY_누적,사업보고서(FY누적),연결(CFS),599.01,-13.75,-27.97,192.05,-7.65,-27.77
소프트센,032680,2025,Q1,2025-Q1_단독,1분기보고서(Q1단독),연결(CFS),85.30,-3.54,-9.59,85.30,-3.54,-9.59
소프트센,032680,2025,Q2,2025-Q2_단독,반기보고서(Q2단독),연결(CFS),103.45,3.08,-11.87,103.45,3.08,-11.87
소프트센,032680,2025,Q3,2025-Q3_단독,3분기보고서(Q3단독),연결(CFS),182.75,3.78,-5.30,182.75,3.78,-5.30
소프트센,032680,2025,Q4,2025-FY_누적,사업보고서(FY누적),연결(CFS),548.15,-2.44,-9.87,176.65,-5.76,16.88
소프트센,032680,2026,Q1,2026-Q1_단독,1분기보고서(Q1단독),연결(CFS),105.10,1.62,-3.06,105.10,1.62,-3.06
삼진,032750,2021,Q1,2021-Q1_단독,1분기보고서(Q1단독),연결(CFS),334.38,15.35,20.15,334.38,15.35,20.15
삼진,032750,2021,Q2,2021-Q2_단독,반기보고서(Q2단독),연결(CFS),319.38,-0.49,15.27,319.38,-0.49,15.27
삼진,032750,2021,Q3,2021-Q3_단독,3분기보고서(Q3단독),연결(CFS),415.95,12.90,77.58,415.95,12.90,77.58
삼진,032750,2021,Q4,2021-FY_누적,사업보고서(FY누적),연결(CFS),1287.31,11.65,96.19,217.60,-16.10,-16.82
삼진,032750,2022,Q1,2022-Q1_단독,1분기보고서(Q1단독),연결(CFS),430.78,-1.98,4.50,430.78,-1.98,4.50
삼진,032750,2022,Q2,2022-Q2_단독,반기보고서(Q2단독),연결(CFS),400.80,13.57,30.48,400.80,13.57,30.48
삼진,032750,2022,Q3,2022-Q3_단독,3분기보고서(Q3단독),연결(CFS),323.27,1.15,35.87,323.27,1.15,35.87
삼진,032750,2022,Q4,2022-FY_누적,사업보고서(FY누적),연결(CFS),1551.39,16.55,18.88,396.53,3.81,-51.96
삼진,032750,2023,Q1,2023-Q1_단독,1분기보고서(Q1단독),연결(CFS),457.86,12.98,33.80,457.86,12.98,33.80
삼진,032750,2023,Q2,2023-Q2_단독,반기보고서(Q2단독),연결(CFS),427.89,8.63,-16.34,427.89,8.63,-16.34
삼진,032750,2023,Q3,2023-Q3_단독,3분기보고서(Q3단독),연결(CFS),390.71,8.33,2.32,390.71,8.33,2.32
삼진,032750,2023,Q4,2023-FY_누적,사업보고서(FY누적),연결(CFS),1564.08,18.87,1.16,287.62,-11.07,-18.62
삼진,032750,2024,Q1,2024-Q1_단독,1분기보고서(Q1단독),연결(CFS),399.76,17.13,16.61,399.76,17.13,16.61
삼진,032750,2024,Q2,2024-Q2_단독,반기보고서(Q2단독),연결(CFS),394.21,19.53,27.61,394.21,19.53,27.61
삼진,032750,2024,Q3,2024-Q3_단독,3분기보고서(Q3단독),연결(CFS),406.05,16.98,26.60,406.05,16.98,26.60
삼진,032750,2024,Q4,2024-FY_누적,사업보고서(FY누적),연결(CFS),1591.64,72.48,90.45,391.62,18.84,19.62
삼진,032750,2025,Q1,2025-Q1_단독,1분기보고서(Q1단독),연결(CFS),406.36,26.14,26.15,406.36,26.14,26.15
삼진,032750,2025,Q2,2025-Q2_단독,반기보고서(Q2단독),연결(CFS),361.56,15.44,3.05,361.56,15.44,3.05
삼진,032750,2025,Q3,2025-Q3_단독,3분기보고서(Q3단독),연결(CFS),277.09,10.19,15.34,277.09,10.19,15.34
삼진,032750,2025,Q4,2025-FY_누적,사업보고서(FY누적),연결(CFS),1483.23,58.23,38.90,438.22,6.47,-5.64
삼진,032750,2026,Q1,2026-Q1_단독,1분기보고서(Q1단독),연결(CFS),355.18,13.64,22.09,355.18,13.64,22.09
엠젠솔루션,032790,2021,Q1,2021-Q1_단독,1분기보고서(Q1단독),연결(CFS),124.68,-4.07,-2.79,124.68,-4.07,-2.79
엠젠솔루션,032790,2021,Q2,2021-Q2_단독,반기보고서(Q2단독),연결(CFS),170.49,-0.07,-2.04,170.49,-0.07,-2.04
엠젠솔루션,032790,2021,Q3,2021-Q3_단독,3분기보고서(Q3단독),연결(CFS),179.19,0.15,55.82,179.19,0.15,55.82
엠젠솔루션,032790,2021,Q4,2021-FY_누적,사업보고서(FY누적),연결(CFS),722.01,1.22,78.46,247.65,5.20,27.47
엠젠솔루션,032790,2022,Q1,2022-Q1_단독,1분기보고서(Q1단독),연결(CFS),219.40,-3.29,-2.28,219.40,-3.29,-2.28
엠젠솔루션,032790,2022,Q2,2022-Q2_단독,반기보고서(Q2단독),연결(CFS),334.17,30.97,30.10,334.17,30.97,30.10
엠젠솔루션,032790,2022,Q3,2022-Q3_단독,3분기보고서(Q3단독),연결(CFS),241.79,-3.84,4.77,241.79,-3.84,4.77
엠젠솔루션,032790,2022,Q4,2022-FY_누적,사업보고서(FY누적),연결(CFS),1097.91,29.13,-4.35,302.55,5.29,-36.95
엠젠솔루션,032790,2023,Q1,2023-Q1_단독,1분기보고서(Q1단독),연결(CFS),238.89,-15.63,-10.29,238.89,-15.63,-10.29
엠젠솔루션,032790,2023,Q2,2023-Q2_단독,반기보고서(Q2단독),연결(CFS),273.85,-10.07,-15.42,273.85,-10.07,-15.42
엠젠솔루션,032790,2023,Q3,2023-Q3_단독,3분기보고서(Q3단독),연결(CFS),197.88,-11.48,-7.90,197.88,-11.48,-7.90
엠젠솔루션,032790,2023,Q4,2023-FY_누적,사업보고서(FY누적),연결(CFS),905.34,-63.09,-214.93,194.72,-25.92,-181.31
엠젠솔루션,032790,2024,Q1,2024-Q1_단독,1분기보고서(Q1단독),연결(CFS),218.03,-25.59,-22.75,218.03,-25.59,-22.75
엠젠솔루션,032790,2024,Q2,2024-Q2_단독,반기보고서(Q2단독),연결(CFS),287.76,-8.64,-7.90,287.76,-8.64,-7.90
엠젠솔루션,032790,2024,Q3,2024-Q3_단독,3분기보고서(Q3단독),연결(CFS),127.25,-16.82,1.15,127.25,-16.82,1.15
엠젠솔루션,032790,2024,Q4,2024-FY_누적,사업보고서(FY누적),연결(CFS),426.69,-39.82,28.60,-206.34,11.23,58.10
엠젠솔루션,032790,2025,Q1,2025-Q1_단독,1분기보고서(Q1단독),연결(CFS),103.08,-13.45,-25.11,103.08,-13.45,-25.11
엠젠솔루션,032790,2025,Q2,2025-Q2_단독,반기보고서(Q2단독),연결(CFS),96.24,-22.11,-44.10,96.24,-22.11,-44.10
엠젠솔루션,032790,2025,Q3,2025-Q3_단독,3분기보고서(Q3단독),연결(CFS),53.33,-32.85,-36.67,53.33,-32.85,-36.67
엠젠솔루션,032790,2025,Q4,2025-FY_누적,사업보고서(FY누적),연결(CFS),285.91,-102.74,-163.30,33.26,-34.33,-57.43
엠젠솔루션,032790,2026,Q1,2026-Q1_단독,1분기보고서(Q1단독),연결(CFS),40.20,-37.89,-36.29,40.20,-37.89,-36.29
판타지오,032800,2021,Q1,2021-Q1_단독,1분기보고서(Q1단독),연결(CFS),34.70,-0.65,-0.49,34.70,-0.65,-0.49
판타지오,032800,2021,Q2,2021-Q2_단독,반기보고서(Q2단독),연결(CFS),84.23,20.38,-22.46,84.23,20.38,-22.46
판타지오,032800,2021,Q3,2021-Q3_단독,3분기보고서(Q3단독),연결(CFS),74.67,11.58,-5.11,74.67,11.58,-5.11
판타지오,032800,2021,Q4,2021-FY_누적,사업보고서(FY누적),연결(CFS),234.55,18.31,-206.83,40.95,-13.00,-178.77
판타지오,032800,2022,Q1,2022-Q1_단독,1분기보고서(Q1단독),연결(CFS),109.68,-7.74,-28.16,109.68,-7.74,-28.16
판타지오,032800,2022,Q2,2022-Q2_단독,반기보고서(Q2단독),연결(CFS),125.90,-17.34,-36.70,125.90,-17.34,-36.70
판타지오,032800,2022,Q3,2022-Q3_단독,3분기보고서(Q3단독)
판타지오,032800,2022,Q4,2022-FY_누적,사업보고서(FY누적),연결(CFS),152.59,12.53,-67.62
판타지오,032800,2023,Q1,2023-Q1_단독,1분기보고서(Q1단독),연결(CFS),125.21,-9.24,-13.70,125.21,-9.24,-13.70
판타지오,032800,2023,Q2,2023-Q2_단독,반기보고서(Q2단독),연결(CFS),184.32,-2.12,-11.62,184.32,-2.12,-11.62
판타지오,032800,2023,Q3,2023-Q3_단독,3분기보고서(Q3단독),연결(CFS),88.93,-4.84,-7.80,88.93,-4.84,-7.80
판타지오,032800,2023,Q4,2023-FY_누적,사업보고서(FY누적),연결(CFS),385.28,-49.13,-184.58,-13.19,-32.93,-151.45
판타지오,032800,2024,Q1,2024-Q1_단독,1분기보고서(Q1단독),연결(CFS),75.44,-11.83,-15.73,75.44,-11.83,-15.73
판타지오,032800,2024,Q2,2024-Q2_단독,반기보고서(Q2단독),연결(CFS),93.69,-9.33,15.81,93.69,-9.33,15.81
판타지오,032800,2024,Q3,2024-Q3_단독,3분기보고서(Q3단독),연결(CFS),168.68,-3.08,-4.35,168.68,-3.08,-4.35
판타지오,032800,2024,Q4,2024-FY_누적,사업보고서(FY누적),연결(CFS),723.35,-15.40,-64.32,385.53,8.84,-60.06
판타지오,032800,2025,Q1,2025-Q1_단독,1분기보고서(Q1단독),연결(CFS),103.94,-9.15,-11.72,103.94,-9.15,-11.72
판타지오,032800,2025,Q2,2025-Q2_단독,반기보고서(Q2단독),연결(CFS),92.75,-13.88,-14.39,92.75,-13.88,-14.39
판타지오,032800,2025,Q3,2025-Q3_단독,3분기보고서(Q3단독),연결(CFS),86.04,-7.33,-10.97,86.04,-7.33,-10.97
판타지오,032800,2025,Q4,2025-FY_누적,사업보고서(FY누적),연결(CFS),381.92,-80.32,-92.00,99.18,-49.96,-54.92
판타지오,032800,2026,Q1,2026-Q1_단독,1분기보고서(Q1단독)
우리기술,032820,2021,Q1,2021-Q1_단독,1분기보고서(Q1단독),연결(CFS),101.32,-3.57,-4.45,101.32,-3.57,-4.45
우리기술,032820,2021,Q2,2021-Q2_단독,반기보고서(Q2단독),연결(CFS),128.90,-0.29,-6.28,128.90,-0.29,-6.28
우리기술,032820,2021,Q3,2021-Q3_단독,3분기보고서(Q3단독),연결(CFS),87.98,-0.28,-0.17,87.98,-0.28,-0.17
우리기술,032820,2021,Q4,2021-FY_누적,사업보고서(FY누적),연결(CFS),521.41,72.45,36.96,203.21,76.59,47.86
우리기술,032820,2022,Q1,2022-Q1_단독,1분기보고서(Q1단독),연결(CFS),83.99,-1.18,0.70,83.99,-1.18,0.70
우리기술,032820,2022,Q2,2022-Q2_단독,반기보고서(Q2단독),연결(CFS),104.58,-12.26,-13.92,104.58,-12.26,-13.92
우리기술,032820,2022,Q3,2022-Q3_단독,3분기보고서(Q3단독),연결(CFS),148.05,23.99,31.96,148.05,23.99,31.96
우리기술,032820,2022,Q4,2022-FY_누적,사업보고서(FY누적),연결(CFS),494.95,48.01,33.69,158.32,37.46,14.95
우리기술,032820,2023,Q1,2023-Q1_단독,1분기보고서(Q1단독),연결(CFS),103.71,-19.74,-16.71,103.71,-19.74,-16.71
우리기술,032820,2023,Q2,2023-Q2_단독,반기보고서(Q2단독),연결(CFS),126.57,3.31,-4.45,126.57,3.31,-4.45
우리기술,032820,2023,Q3,2023-Q3_단독,3분기보고서(Q3단독),연결(CFS),222.03,61.31,57.24,222.03,61.31,57.24
우리기술,032820,2023,Q4,2023-FY_누적,사업보고서(FY누적),연결(CFS),631.66,66.79,50.32,179.35,21.92,14.25
우리기술,032820,2024,Q1,2024-Q1_단독,1분기보고서(Q1단독),연결(CFS),154.72,-4.00,-1.57,154.72,-4.00,-1.57
우리기술,032820,2024,Q2,2024-Q2_단독,반기보고서(Q2단독),연결(CFS),128.63,-12.28,-7.63,128.63,-12.28,-7.63
우리기술,032820,2024,Q3,2024-Q3_단독,3분기보고서(Q3단독),연결(CFS),170.58,-16.02,-9.42,170.58,-16.02,-9.42
우리기술,032820,2024,Q4,2024-FY_누적,사업보고서(FY누적),연결(CFS),712.50,5.54,-44.02,258.58,37.84,-25.40
우리기술,032820,2025,Q1,2025-Q1_단독,1분기보고서(Q1단독),연결(CFS),185.36,-29.98,-54.77,185.36,-29.98,-54.77
우리기술,032820,2025,Q2,2025-Q2_단독,반기보고서(Q2단독),연결(CFS),225.84,-6.59,201.51,225.84,-6.59,201.51
우리기술,032820,2025,Q3,2025-Q3_단독,3분기보고서(Q3단독),연결(CFS),211.83,-6.50,-32.90,211.83,-6.50,-32.90
우리기술,032820,2025,Q4,2025-FY_누적,사업보고서(FY누적),연결(CFS),871.35,-54.87,-41.05,248.32,-11.79,-154.89
우리기술,032820,2026,Q1,2026-Q1_단독,1분기보고서(Q1단독),연결(CFS),169.57,-67.38,274.25,169.57,-67.38,274.25
비트컴퓨터,032850,2021,Q1,2021-Q1_단독,1분기보고서(Q1단독),연결(CFS),76.29,11.69,10.47,76.29,11.69,10.47
비트컴퓨터,032850,2021,Q2,2021-Q2_단독,반기보고서(Q2단독),연결(CFS),92.42,10.87,13.35,92.42,10.87,13.35
비트컴퓨터,032850,2021,Q3,2021-Q3_단독,3분기보고서(Q3단독),연결(CFS),94.03,20.89,15.31,94.03,20.89,15.31
비트컴퓨터,032850,2021,Q4,2021-FY_누적,사업보고서(FY누적),연결(CFS),364.34,64.09,48.92,101.60,20.64,9.80
비트컴퓨터,032850,2022,Q1,2022-Q1_단독,1분기보고서(Q1단독),연결(CFS),84.95,12.79,10.97,84.95,12.79,10.97
비트컴퓨터,032850,2022,Q2,2022-Q2_단독,반기보고서(Q2단독),연결(CFS),93.74,14.50,14.90,93.74,14.50,14.90
비트컴퓨터,032850,2022,Q3,2022-Q3_단독,3분기보고서(Q3단독),연결(CFS),74.55,15.64,12.45,74.55,15.64,12.45
비트컴퓨터,032850,2022,Q4,2022-FY_누적,사업보고서(FY누적),연결(CFS),351.35,61.46,49.25,98.10,18.53,10.93
비트컴퓨터,032850,2023,Q1,2023-Q1_단독,1분기보고서(Q1단독),연결(CFS),75.30,21.34,24.68,75.30,21.34,24.68
비트컴퓨터,032850,2023,Q2,2023-Q2_단독,반기보고서(Q2단독),연결(CFS),83.15,9.98,9.99,83.15,9.98,9.99
비트컴퓨터,032850,2023,Q3,2023-Q3_단독,3분기보고서(Q3단독),연결(CFS),76.29,13.42,9.65,76.29,13.42,9.65
비트컴퓨터,032850,2023,Q4,2023-FY_누적,사업보고서(FY누적),연결(CFS),334.59,62.19,55.99,99.85,17.46,11.66
비트컴퓨터,032850,2024,Q1,2024-Q1_단독,1분기보고서(Q1단독),연결(CFS),94.65,16.11,19.89,94.65,16.11,19.89
비트컴퓨터,032850,2024,Q2,2024-Q2_단독,반기보고서(Q2단독),연결(CFS),88.20,17.00,19.06,88.20,17.00,19.06
비트컴퓨터,032850,2024,Q3,2024-Q3_단독,3분기보고서(Q3단독),연결(CFS),84.33,22.74,18.78,84.33,22.74,18.78
비트컴퓨터,032850,2024,Q4,2024-FY_누적,사업보고서(FY누적),연결(CFS),370.75,66.70,74.69,103.57,10.85,16.96
비트컴퓨터,032850,2025,Q1,2025-Q1_단독,1분기보고서(Q1단독),연결(CFS),85.95,14.90,15.87,85.95,14.90,15.87
비트컴퓨터,032850,2025,Q2,2025-Q2_단독,반기보고서(Q2단독),연결(CFS),82.25,15.46,22.64,82.25,15.46,22.64
비트컴퓨터,032850,2025,Q3,2025-Q3_단독,3분기보고서(Q3단독),연결(CFS),84.51,14.69,16.16,84.51,14.69,16.16
비트컴퓨터,032850,2025,Q4,2025-FY_누적,사업보고서(FY누적),연결(CFS),359.83,58.61,73.31,107.12,13.56,18.64
비트컴퓨터,032850,2026,Q1,2026-Q1_단독,1분기보고서(Q1단독),연결(CFS),96.11,17.71,18.16,96.11,17.71,18.16
더라미,032860,2021,Q1,2021-Q1_단독,1분기보고서(Q1단독),별도(OFS),13.71,-6.30,-9.24,13.71,-6.30,-9.24
더라미,032860,2021,Q2,2021-Q2_단독,반기보고서(Q2단독),별도(OFS),23.72,-3.99,-70.10,23.72,-3.99,-70.10
더라미,032860,2021,Q3,2021-Q3_단독,3분기보고서(Q3단독),별도(OFS),168.39,11.48,9.78,168.39,11.48,9.78
더라미,032860,2021,Q4,2021-FY_누적,사업보고서(FY누적),별도(OFS),472.60,7.84,-147.89,266.78,6.65,-78.32
더라미,032860,2022,Q1,2022-Q1_단독,1분기보고서(Q1단독),별도(OFS),241.42,-12.38,-15.76,241.42,-12.38,-15.76
더라미,032860,2022,Q2,2022-Q2_단독,반기보고서(Q2단독),별도(OFS),139.89,-3.65,-6.52,139.89,-3.65,-6.52
더라미,032860,2022,Q3,2022-Q3_단독,3분기보고서(Q3단독),별도(OFS),109.80,-11.80,-11.95,109.80,-11.80,-11.95
더라미,032860,2022,Q4,2022-FY_누적,사업보고서(FY누적),별도(OFS),625.66,-31.79,-56.06,134.55,-3.96,-21.84
더라미,032860,2023,Q1,2023-Q1_단독,1분기보고서(Q1단독),별도(OFS),114.99,-10.21,-10.80,114.99,-10.21,-10.80
더라미,032860,2023,Q2,2023-Q2_단독,반기보고서(Q2단독),별도(OFS),88.87,-9.01,-4.67,88.87,-9.01,-4.67
더라미,032860,2023,Q3,2023-Q3_단독,3분기보고서(Q3단독),별도(OFS),108.17,-18.80,-20.05,108.17,-18.80,-20.05
더라미,032860,2023,Q4,2023-FY_누적,사업보고서(FY누적),별도(OFS),509.77,-35.43,-32.94,197.75,2.59,2.58
더라미,032860,2024,Q1,2024-Q1_단독,1분기보고서(Q1단독),별도(OFS),225.58,11.05,14.64,225.58,11.05,14.64
더라미,032860,2024,Q2,2024-Q2_단독,반기보고서(Q2단독),별도(OFS),201.51,14.44,14.52,201.51,14.44,14.52
더라미,032860,2024,Q3,2024-Q3_단독,3분기보고서(Q3단독),별도(OFS),145.99,1.99,-1.03,145.99,1.99,-1.03
더라미,032860,2024,Q4,2024-FY_누적,사업보고서(FY누적),별도(OFS),697.77,16.18,24.77,124.70,-11.31,-3.35
더라미,032860,2025,Q1,2025-Q1_단독,1분기보고서(Q1단독),별도(OFS),133.99,-7.76,4.18,133.99,-7.76,4.18
더라미,032860,2025,Q2,2025-Q2_단독,반기보고서(Q2단독),별도(OFS),124.13,-3.69,-3.29,124.13,-3.69,-3.29
더라미,032860,2025,Q3,2025-Q3_단독,3분기보고서(Q3단독),별도(OFS),118.10,-4.95,-3.91,118.10,-4.95,-3.91
더라미,032860,2025,Q4,2025-FY_누적,사업보고서(FY누적),별도(OFS),509.20,-17.20,-46.46,132.98,-0.81,-43.44
더라미,032860,2026,Q1,2026-Q1_단독,1분기보고서(Q1단독),별도(OFS),101.39,-6.68,-7.52,101.39,-6.68,-7.52
원익,032940,2021,Q1,2021-Q1_단독,1분기보고서(Q1단독),연결(CFS),250.47,34.06,87.20,250.47,34.06,87.20
원익,032940,2021,Q2,2021-Q2_단독,반기보고서(Q2단독),연결(CFS),268.81,32.57,124.84,268.81,32.57,124.84
원익,032940,2021,Q3,2021-Q3_단독,3분기보고서(Q3단독),연결(CFS),207.64,7.69,63.16,207.64,7.69,63.16
원익,032940,2021,Q4,2021-FY_누적,사업보고서(FY누적),연결(CFS),946.75,66.42,284.32,219.83,-7.90,9.12
원익,032940,2022,Q1,2022-Q1_단독,1분기보고서(Q1단독),연결(CFS),247.30,29.96,51.16,247.30,29.96,51.16
원익,032940,2022,Q2,2022-Q2_단독,반기보고서(Q2단독),연결(CFS),301.40,18.12,71.77,301.40,18.12,71.77
원익,032940,2022,Q3,2022-Q3_단독,3분기보고서(Q3단독),연결(CFS),263.85,13.41,93.18,263.85,13.41,93.18
원익,032940,2022,Q4,2022-FY_누적,사업보고서(FY누적),연결(CFS),1080.89,74.05,383.09,268.34,12.56,166.98
원익,032940,2023,Q1,2023-Q1_단독,1분기보고서(Q1단독),연결(CFS),316.33,38.43,29.53,316.33,38.43,29.53
원익,032940,2023,Q2,2023-Q2_단독,반기보고서(Q2단독),연결(CFS),364.87,35.42,-5.15,364.87,35.42,-5.15
원익,032940,2023,Q3,2023-Q3_단독,3분기보고서(Q3단독),연결(CFS),318.31,34.00,28.14,318.31,34.00,28.14
원익,032940,2023,Q4,2023-FY_누적,사업보고서(FY누적),연결(CFS),1298.77,124.86,-26.30,299.26,17.01,-78.82
원익,032940,2024,Q1,2024-Q1_단독,1분기보고서(Q1단독),연결(CFS),340.97,35.78,-33.85,340.97,35.78,-33.85
원익,032940,2024,Q2,2024-Q2_단독,반기보고서(Q2단독),연결(CFS),412.61,44.69,13.41,412.61,44.69,13.41
원익,032940,2024,Q3,2024-Q3_단독,3분기보고서(Q3단독),연결(CFS),335.35,18.50,53.64,335.35,18.50,53.64
원익,032940,2024,Q4,2024-FY_누적,사업보고서(FY누적),연결(CFS),1387.35,93.18,213.91,298.42,-5.79,180.72
원익,032940,2025,Q1,2025-Q1_단독,1분기보고서(Q1단독),연결(CFS),365.91,26.39,32.68,365.91,26.39,32.68
원익,032940,2025,Q2,2025-Q2_단독,반기보고서(Q2단독),연결(CFS),438.86,41.41,-0.61,438.86,41.41,-0.61
원익,032940,2025,Q3,2025-Q3_단독,3분기보고서(Q3단독),연결(CFS),396.38,21.48,82.67,396.38,21.48,82.67
원익,032940,2025,Q4,2025-FY_누적,사업보고서(FY누적),연결(CFS),1507.35,89.23,116.53,306.19,-0.05,1.79
원익,032940,2026,Q1,2026-Q1_단독,1분기보고서(Q1단독),연결(CFS),369.55,26.72,12.69,369.55,26.72,12.69
동일기연,032960,2021,Q1,2021-Q1_단독,1분기보고서(Q1단독),연결(CFS),65.08,5.39,34.70,65.08,5.39,34.70
동일기연,032960,2021,Q2,2021-Q2_단독,반기보고서(Q2단독),연결(CFS),74.08,1.12,18.67,74.08,1.12,18.67
동일기연,032960,2021,Q3,2021-Q3_단독,3분기보고서(Q3단독),연결(CFS),62.14,0.85,21.31,62.14,0.85,21.31
동일기연,032960,2021,Q4,2021-FY_누적,사업보고서(FY누적),연결(CFS),261.09,0.75,77.66,59.79,-6.61,2.98
동일기연,032960,2022,Q1,2022-Q1_단독,1분기보고서(Q1단독),연결(CFS),70.57,5.28,15.94,70.57,5.28,15.94
동일기연,032960,2022,Q2,2022-Q2_단독,반기보고서(Q2단독),연결(CFS),75.55,2.06,5.12,75.55,2.06,5.12
동일기연,032960,2022,Q3,2022-Q3_단독,3분기보고서(Q3단독),연결(CFS),61.92,5.89,10.10,61.92,5.89,10.10
동일기연,032960,2022,Q4,2022-FY_누적,사업보고서(FY누적),연결(CFS),266.99,11.02,10.47,58.95,-2.22,-20.70
동일기연,032960,2023,Q1,2023-Q1_단독,1분기보고서(Q1단독),연결(CFS),66.06,2.75,20.25,66.06,2.75,20.25
동일기연,032960,2023,Q2,2023-Q2_단독,반기보고서(Q2단독),연결(CFS),61.49,-0.25,17.05,61.49,-0.25,17.05
동일기연,032960,2023,Q3,2023-Q3_단독,3분기보고서(Q3단독),연결(CFS),63.39,2.07,9.35,63.39,2.07,9.35
동일기연,032960,2023,Q4,2023-FY_누적,사업보고서(FY누적),연결(CFS),252.35,4.23,21.85,61.41,-0.34,-24.81
동일기연,032960,2024,Q1,2024-Q1_단독,1분기보고서(Q1단독),연결(CFS),63.86,4.09,11.67,63.86,4.09,11.67
동일기연,032960,2024,Q2,2024-Q2_단독,반기보고서(Q2단독),연결(CFS),63.67,1.08,14.49,63.67,1.08,14.49
동일기연,032960,2024,Q3,2024-Q3_단독,3분기보고서(Q3단독),연결(CFS),52.12,-3.04,-11.44,52.12,-3.04,-11.44
동일기연,032960,2024,Q4,2024-FY_누적,사업보고서(FY누적),연결(CFS),241.10,1.92,7.75,61.46,-0.22,-6.97
동일기연,032960,2025,Q1,2025-Q1_단독,1분기보고서(Q1단독),연결(CFS),60.97,0.55,5.53,60.97,0.55,5.53
동일기연,032960,2025,Q2,2025-Q2_단독,반기보고서(Q2단독),연결(CFS),48.60,-2.63,18.43,48.60,-2.63,18.43
동일기연,032960,2025,Q3,2025-Q3_단독,3분기보고서(Q3단독),연결(CFS),53.57,3.01,14.27,53.57,3.01,14.27
동일기연,032960,2025,Q4,2025-FY_누적,사업보고서(FY누적),연결(CFS),215.51,-0.62,65.40,52.36,-1.55,27.17
동일기연,032960,2026,Q1,2026-Q1_단독,1분기보고서(Q1단독),연결(CFS),61.45,5.89,35.22,61.45,5.89,35.22
바이온,032980,2021,Q1,2021-Q1_단독,1분기보고서(Q1단독),연결(CFS),33.80,-5.90,-8.20,33.80,-5.90,-8.20
바이온,032980,2021,Q2,2021-Q2_단독,반기보고서(Q2단독),연결(CFS),19.80,-29.15,-17.72,19.80,-29.15,-17.72
바이온,032980,2021,Q3,2021-Q3_단독,3분기보고서(Q3단독),연결(CFS),20.73,-5.82,-9.10,20.73,-5.82,-9.10
바이온,032980,2021,Q4,2021-FY_누적,사업보고서(FY누적),연결(CFS),136.13,-53.03,-132.15,61.80,-12.15,-97.13
바이온,032980,2022,Q1,2022-Q1_단독,1분기보고서(Q1단독),연결(CFS),17.96,-11.56,-10.27,17.96,-11.56,-10.27
바이온,032980,2022,Q2,2022-Q2_단독,반기보고서(Q2단독),연결(CFS),18.53,-17.15,-40.72,18.53,-17.15,-40.72
바이온,032980,2022,Q3,2022-Q3_단독,3분기보고서(Q3단독),연결(CFS),33.84,-10.66,-11.11,33.84,-10.66,-11.11
바이온,032980,2022,Q4,2022-FY_누적,사업보고서(FY누적),연결(CFS),135.16,-67.51,-99.26,64.82,-28.15,-37.17
바이온,032980,2023,Q1,2023-Q1_단독,1분기보고서(Q1단독),연결(CFS),23.96,-17.74,-17.80,23.96,-17.74,-17.80
바이온,032980,2023,Q2,2023-Q2_단독,반기보고서(Q2단독),연결(CFS),25.75,-14.31,-9.02,25.75,-14.31,-9.02
바이온,032980,2023,Q3,2023-Q3_단독,3분기보고서(Q3단독),연결(CFS),18.09,-19.99,-14.61,18.09,-19.99,-14.61
바이온,032980,2023,Q4,2023-FY_누적,사업보고서(FY누적),연결(CFS),88.89,-66.30,-67.49,21.10,-14.26,-26.06
바이온,032980,2024,Q1,2024-Q1_단독,1분기보고서(Q1단독),연결(CFS),33.63,-9.75,-8.94,33.63,-9.75,-8.94
바이온,032980,2024,Q2,2024-Q2_단독,반기보고서(Q2단독),연결(CFS),70.51,-6.15,-29.61,70.51,-6.15,-29.61
바이온,032980,2024,Q3,2024-Q3_단독,3분기보고서(Q3단독),연결(CFS),88.27,29.31,18.39,88.27,29.31,18.39
바이온,032980,2024,Q4,2024-FY_누적,사업보고서(FY누적),연결(CFS),269.56,-32.52,-101.84,77.15,-45.94,-81.68
바이온,032980,2025,Q1,2025-Q1_단독,1분기보고서(Q1단독),연결(CFS),91.82,0.81,-6.36,91.82,0.81,-6.36
바이온,032980,2025,Q2,2025-Q2_단독,반기보고서(Q2단독),연결(CFS),74.83,0.11,-13.82,74.83,0.11,-13.82
바이온,032980,2025,Q3,2025-Q3_단독,3분기보고서(Q3단독),연결(CFS),31.06,2.81,-9.70,31.06,2.81,-9.70
바이온,032980,2025,Q4,2025-FY_누적,사업보고서(FY누적),연결(CFS),205.96,-17.96,-55.43,8.26,-21.70,-25.55
바이온,032980,2026,Q1,2026-Q1_단독,1분기보고서(Q1단독),연결(CFS),5.12,-9.68,-7.20,5.12,-9.68,-7.20
제이엠아이,033050,2021,Q1,2021-Q1_단독,1분기보고서(Q1단독),연결(CFS),121.04,2.72,10.35,121.04,2.72,10.35
제이엠아이,033050,2021,Q2,2021-Q2_단독,반기보고서(Q2단독),연결(CFS),112.64,6.07,6.03,112.64,6.07,6.03
제이엠아이,033050,2021,Q3,2021-Q3_단독,3분기보고서(Q3단독),연결(CFS),111.33,22.61,3.02,111.33,22.61,3.02
제이엠아이,033050,2021,Q4,2021-FY_누적,사업보고서(FY누적),연결(CFS),484.06,14.82,18.96,139.06,-16.58,-0.44
제이엠아이,033050,2022,Q1,2022-Q1_단독,1분기보고서(Q1단독),연결(CFS),122.74,5.13,4.94,122.74,5.13,4.94
제이엠아이,033050,2022,Q2,2022-Q2_단독,반기보고서(Q2단독),연결(CFS),169.56,17.96,8.23,169.56,17.96,8.23
제이엠아이,033050,2022,Q3,2022-Q3_단독,3분기보고서(Q3단독),연결(CFS),172.59,16.51,10.49,172.59,16.51,10.49
제이엠아이,033050,2022,Q4,2022-FY_누적,사업보고서(FY누적),연결(CFS),649.25,47.28,24.81,184.36,7.68,1.14
제이엠아이,033050,2023,Q1,2023-Q1_단독,1분기보고서(Q1단독),연결(CFS),157.10,5.07,7.74,157.10,5.07,7.74
제이엠아이,033050,2023,Q2,2023-Q2_단독,반기보고서(Q2단독),연결(CFS),176.33,18.38,4.61,176.33,18.38,4.61
제이엠아이,033050,2023,Q3,2023-Q3_단독,3분기보고서(Q3단독),연결(CFS),225.39,12.08,11.36,225.39,12.08,11.36
제이엠아이,033050,2023,Q4,2023-FY_누적,사업보고서(FY누적),연결(CFS),745.67,44.45,24.50,186.84,8.92,0.78
제이엠아이,033050,2024,Q1,2024-Q1_단독,1분기보고서(Q1단독),연결(CFS),177.95,4.15,5.10,177.95,4.15,5.10
제이엠아이,033050,2024,Q2,2024-Q2_단독,반기보고서(Q2단독),연결(CFS),212.58,13.99,13.29,212.58,13.99,13.29
제이엠아이,033050,2024,Q3,2024-Q3_단독,3분기보고서(Q3단독),연결(CFS),206.13,13.44,10.87,206.13,13.44,10.87
제이엠아이,033050,2024,Q4,2024-FY_누적,사업보고서(FY누적),연결(CFS),804.37,40.46,37.70,207.70,8.88,8.44
제이엠아이,033050,2025,Q1,2025-Q1_단독,1분기보고서(Q1단독),연결(CFS),198.31,9.85,4.94,198.31,9.85,4.94
제이엠아이,033050,2025,Q2,2025-Q2_단독,반기보고서(Q2단독),연결(CFS),213.68,4.40,-2.52,213.68,4.40,-2.52
제이엠아이,033050,2025,Q3,2025-Q3_단독,3분기보고서(Q3단독),연결(CFS),218.50,13.87,14.97,218.50,13.87,14.97
제이엠아이,033050,2025,Q4,2025-FY_누적,사업보고서(FY누적),연결(CFS),898.03,40.69,34.30,267.55,12.58,16.91
제이엠아이,033050,2026,Q1,2026-Q1_단독,1분기보고서(Q1단독),연결(CFS),311.44,10.35,15.11,311.44,10.35,15.11
제룡전기,033100,2021,Q1,2021-Q1_단독,1분기보고서(Q1단독),별도(OFS),98.86,-3.25,1.39,98.86,-3.25,1.39
제룡전기,033100,2021,Q2,2021-Q2_단독,반기보고서(Q2단독),별도(OFS),129.51,6.07,7.50,129.51,6.07,7.50
제룡전기,033100,2021,Q3,2021-Q3_단독,3분기보고서(Q3단독),별도(OFS),118.93,-6.72,-2.06,118.93,-6.72,-2.06
제룡전기,033100,2021,Q4,2021-FY_누적,사업보고서(FY누적),별도(OFS),487.83,1.17,11.73,140.53,5.08,4.91
제룡전기,033100,2022,Q1,2022-Q1_단독,1분기보고서(Q1단독),별도(OFS),95.69,-7.45,-4.66,95.69,-7.45,-4.66
제룡전기,033100,2022,Q2,2022-Q2_단독,반기보고서(Q2단독),별도(OFS),130.84,10.28,12.98,130.84,10.28,12.98
제룡전기,033100,2022,Q3,2022-Q3_단독,3분기보고서(Q3단독),별도(OFS),250.33,65.61,61.34,250.33,65.61,61.34
제룡전기,033100,2022,Q4,2022-FY_누적,사업보고서(FY누적),별도(OFS),860.61,159.83,124.80,383.74,91.39,55.14
제룡전기,033100,2023,Q1,2023-Q1_단독,1분기보고서(Q1단독),별도(OFS),303.83,85.32,75.48,303.83,85.32,75.48
제룡전기,033100,2023,Q2,2023-Q2_단독,반기보고서(Q2단독),별도(OFS),459.78,197.26,158.32,459.78,197.26,158.32
제룡전기,033100,2023,Q3,2023-Q3_단독,3분기보고서(Q3단독),별도(OFS),418.08,170.54,140.56,418.08,170.54,140.56
제룡전기,033100,2023,Q4,2023-FY_누적,사업보고서(FY누적),별도(OFS),1839.41,701.52,563.84,657.72,248.39,189.47
제룡전기,033100,2024,Q1,2024-Q1_단독,1분기보고서(Q1단독),별도(OFS),649.61,257.51,217.47,649.61,257.51,217.47
제룡전기,033100,2024,Q2,2024-Q2_단독,반기보고서(Q2단독),별도(OFS),775.73,327.62,272.13,775.73,327.62,272.13
제룡전기,033100,2024,Q3,2024-Q3_단독,3분기보고서(Q3단독),별도(OFS),694.36,266.30,204.46,694.36,266.30,204.46
제룡전기,033100,2024,Q4,2024-FY_누적,사업보고서(FY누적),별도(OFS),2627.36,978.45,799.21,507.67,127.02,105.16
제룡전기,033100,2025,Q1,2025-Q1_단독,1분기보고서(Q1단독),별도(OFS),502.03,160.68,147.31,502.03,160.68,147.31
제룡전기,033100,2025,Q2,2025-Q2_단독,반기보고서(Q2단독),별도(OFS),603.58,204.08,151.21,603.58,204.08,151.21
제룡전기,033100,2025,Q3,2025-Q3_단독,3분기보고서(Q3단독),별도(OFS),697.50,225.30,199.79,697.50,225.30,199.79
제룡전기,033100,2025,Q4,2025-FY_누적,사업보고서(FY누적),별도(OFS),2240.17,670.27,587.12,437.07,80.21,88.81
제룡전기,033100,2026,Q1,2026-Q1_단독,1분기보고서(Q1단독),별도(OFS),346.73,58.88,80.58,346.73,58.88,80.58
디지틀조선,033130,2021,Q1,2021-Q1_단독,1분기보고서(Q1단독),연결(CFS),70.40,0.67,2.71,70.40,0.67,2.71
디지틀조선,033130,2021,Q2,2021-Q2_단독,반기보고서(Q2단독),연결(CFS),94.36,6.50,7.86,94.36,6.50,7.86
디지틀조선,033130,2021,Q3,2021-Q3_단독,3분기보고서(Q3단독),연결(CFS),85.59,13.25,12.49,85.59,13.25,12.49
디지틀조선,033130,2021,Q4,2021-FY_누적,사업보고서(FY누적),연결(CFS),334.52,21.28,26.78,84.17,0.86,3.72
디지틀조선,033130,2022,Q1,2022-Q1_단독,1분기보고서(Q1단독),연결(CFS),89.42,-1.12,3.28,89.42,-1.12,3.28
디지틀조선,033130,2022,Q2,2022-Q2_단독,반기보고서(Q2단독),연결(CFS),84.12,11.01,11.81,84.12,11.01,11.81
디지틀조선,033130,2022,Q3,2022-Q3_단독,3분기보고서(Q3단독),연결(CFS),85.87,12.02,12.39,85.87,12.02,12.39
디지틀조선,033130,2022,Q4,2022-FY_누적,사업보고서(FY누적),연결(CFS),347.15,20.61,27.49,87.73,-1.30,0.00
디지틀조선,033130,2023,Q1,2023-Q1_단독,1분기보고서(Q1단독),연결(CFS),73.27,-3.94,2.20,73.27,-3.94,2.20
디지틀조선,033130,2023,Q2,2023-Q2_단독,반기보고서(Q2단독),연결(CFS),97.63,14.86,16.28,97.63,14.86,16.28
디지틀조선,033130,2023,Q3,2023-Q3_단독,3분기보고서(Q3단독),연결(CFS),98.89,12.94,14.13,98.89,12.94,14.13
디지틀조선,033130,2023,Q4,2023-FY_누적,사업보고서(FY누적),연결(CFS),365.72,21.75,33.25,95.93,-2.11,0.64
디지틀조선,033130,2024,Q1,2024-Q1_단독,1분기보고서(Q1단독),연결(CFS),84.86,-2.83,4.61,84.86,-2.83,4.61
디지틀조선,033130,2024,Q2,2024-Q2_단독,반기보고서(Q2단독),연결(CFS),90.50,9.50,9.94,90.50,9.50,9.94
디지틀조선,033130,2024,Q3,2024-Q3_단독,3분기보고서(Q3단독),연결(CFS),93.19,8.69,11.30,93.19,8.69,11.30
디지틀조선,033130,2024,Q4,2024-FY_누적,사업보고서(FY누적),연결(CFS),369.55,23.65,37.55,101.00,8.29,11.70
디지틀조선,033130,2025,Q1,2025-Q1_단독,1분기보고서(Q1단독),연결(CFS),82.17,-10.13,-4.04,82.17,-10.13,-4.04
디지틀조선,033130,2025,Q2,2025-Q2_단독,반기보고서(Q2단독),연결(CFS),101.14,20.90,15.95,101.14,20.90,15.95
디지틀조선,033130,2025,Q3,2025-Q3_단독,3분기보고서(Q3단독),연결(CFS),100.12,21.97,19.38,100.12,21.97,19.38
디지틀조선,033130,2025,Q4,2025-FY_누적,사업보고서(FY누적),연결(CFS),399.02,55.09,54.14,115.60,22.35,22.85
디지틀조선,033130,2026,Q1,2026-Q1_단독,1분기보고서(Q1단독),연결(CFS),102.57,23.83,21.80,102.57,23.83,21.80
엠케이전자,033160,2021,Q1,2021-Q1_단독,1분기보고서(Q1단독),연결(CFS),2208.45,203.64,223.25,2208.45,203.64,223.25
엠케이전자,033160,2021,Q2,2021-Q2_단독,반기보고서(Q2단독),연결(CFS),2452.32,377.59,416.20,2452.32,377.59,416.20
엠케이전자,033160,2021,Q3,2021-Q3_단독,3분기보고서(Q3단독),연결(CFS),2386.19,433.76,392.32,2386.19,433.76,392.32
엠케이전자,033160,2021,Q4,2021-FY_누적,사업보고서(FY누적),연결(CFS),9580.26,1085.18,1187.07,2533.29,70.19,155.30
엠케이전자,033160,2022,Q1,2022-Q1_단독,1분기보고서(Q1단독),연결(CFS),2466.64,205.62,214.30,2466.64,205.62,214.30
엠케이전자,033160,2022,Q2,2022-Q2_단독,반기보고서(Q2단독),연결(CFS),2760.02,298.92,93.58,2760.02,298.92,93.58
엠케이전자,033160,2022,Q3,2022-Q3_단독,3분기보고서(Q3단독),연결(CFS),2451.31,263.86,3.95,2451.31,263.86,3.95
엠케이전자,033160,2022,Q4,2022-FY_누적,사업보고서(FY누적),연결(CFS),10232.10,802.81,31.25,2554.13,34.41,-280.59
엠케이전자,033160,2023,Q1,2023-Q1_단독,1분기보고서(Q1단독),연결(CFS),2283.53,74.83,-13.53,2283.53,74.83,-13.53
엠케이전자,033160,2023,Q2,2023-Q2_단독,반기보고서(Q2단독),연결(CFS),2706.89,196.89,-126.26,2706.89,196.89,-126.26
엠케이전자,033160,2023,Q3,2023-Q3_단독,3분기보고서(Q3단독),연결(CFS),2741.15,53.42,-19.53,2741.15,53.42,-19.53
엠케이전자,033160,2023,Q4,2023-FY_누적,사업보고서(FY누적),연결(CFS),11169.75,464.51,-391.45,3438.18,139.36,-232.13
엠케이전자,033160,2024,Q1,2024-Q1_단독,1분기보고서(Q1단독),연결(CFS),2720.03,87.07,-61.87,2720.03,87.07,-61.87
엠케이전자,033160,2024,Q2,2024-Q2_단독,반기보고서(Q2단독),연결(CFS),2951.42,212.59,-191.72,2951.42,212.59,-191.72
엠케이전자,033160,2024,Q3,2024-Q3_단독,3분기보고서(Q3단독),연결(CFS),2679.06,48.73,42.49,2679.06,48.73,42.49
엠케이전자,033160,2024,Q4,2024-FY_누적,사업보고서(FY누적),연결(CFS),11706.00,560.76,-376.97,3355.48,212.37,-165.87
엠케이전자,033160,2025,Q1,2025-Q1_단독,1분기보고서(Q1단독),연결(CFS),2836.52,-11.48,54.63,2836.52,-11.48,54.63
엠케이전자,033160,2025,Q2,2025-Q2_단독,반기보고서(Q2단독),연결(CFS),3361.32,117.66,62.68,3361.32,117.66,62.68
엠케이전자,033160,2025,Q3,2025-Q3_단독,3분기보고서(Q3단독),연결(CFS),3769.44,-64.29,-79.29,3769.44,-64.29,-79.29
엠케이전자,033160,2025,Q4,2025-FY_누적,사업보고서(FY누적),연결(CFS),14038.23,141.86,137.65,4070.94,99.98,99.63
엠케이전자,033160,2026,Q1,2026-Q1_단독,1분기보고서(Q1단독),연결(CFS),4501.23,151.49,115.13,4501.23,151.49,115.13
시그네틱스,033170,2021,Q1,2021-Q1_단독,1분기보고서(Q1단독),연결(CFS),591.36,45.02,42.56,591.36,45.02,42.56
시그네틱스,033170,2021,Q2,2021-Q2_단독,반기보고서(Q2단독),연결(CFS),627.43,51.78,35.73,627.43,51.78,35.73
시그네틱스,033170,2021,Q3,2021-Q3_단독,3분기보고서(Q3단독),연결(CFS),700.64,41.77,32.76,700.64,41.77,32.76
시그네틱스,033170,2021,Q4,2021-FY_누적,사업보고서(FY누적),연결(CFS),2698.81,192.77,169.92,779.37,54.19,58.87
시그네틱스,033170,2022,Q1,2022-Q1_단독,1분기보고서(Q1단독),연결(CFS),696.84,25.71,20.07,696.84,25.71,20.07
시그네틱스,033170,2022,Q2,2022-Q2_단독,반기보고서(Q2단독),연결(CFS),747.92,22.89,16.79,747.92,22.89,16.79
시그네틱스,033170,2022,Q3,2022-Q3_단독,3분기보고서(Q3단독),연결(CFS),717.05,21.64,13.11,717.05,21.64,13.11
시그네틱스,033170,2022,Q4,2022-FY_누적,사업보고서(FY누적),연결(CFS),2876.00,88.85,75.32,714.20,18.60,25.34
시그네틱스,033170,2023,Q1,2023-Q1_단독,1분기보고서(Q1단독),연결(CFS),563.37,-31.71,-36.70,563.37,-31.71,-36.70
시그네틱스,033170,2023,Q2,2023-Q2_단독,반기보고서(Q2단독),연결(CFS),546.07,-24.28,-26.62,546.07,-24.28,-26.62
시그네틱스,033170,2023,Q3,2023-Q3_단독,3분기보고서(Q3단독),연결(CFS),412.91,-45.96,-48.98,412.91,-45.96,-48.98
시그네틱스,033170,2023,Q4,2023-FY_누적,사업보고서(FY누적),연결(CFS),1854.85,-149.99,-154.29,332.50,-48.04,-42.00
시그네틱스,033170,2024,Q1,2024-Q1_단독,1분기보고서(Q1단독),연결(CFS),345.07,-54.43,-54.77,345.07,-54.43,-54.77
시그네틱스,033170,2024,Q2,2024-Q2_단독,반기보고서(Q2단독),연결(CFS),314.75,-59.31,-52.79,314.75,-59.31,-52.79
시그네틱스,033170,2024,Q3,2024-Q3_단독,3분기보고서(Q3단독),연결(CFS),256.59,-75.77,-76.20,256.59,-75.77,-76.20
시그네틱스,033170,2024,Q4,2024-FY_누적,사업보고서(FY누적),연결(CFS),1181.51,-258.34,-509.20,265.10,-68.83,-325.44
시그네틱스,033170,2025,Q1,2025-Q1_단독,1분기보고서(Q1단독),연결(CFS),250.57,-130.10,-110.78,250.57,-130.10,-110.78
시그네틱스,033170,2025,Q2,2025-Q2_단독,반기보고서(Q2단독),연결(CFS),265.40,-30.34,-27.96,265.40,-30.34,-27.96
시그네틱스,033170,2025,Q3,2025-Q3_단독,3분기보고서(Q3단독),연결(CFS),257.58,-39.88,-38.68,257.58,-39.88,-38.68
시그네틱스,033170,2025,Q4,2025-FY_누적,사업보고서(FY누적),연결(CFS),1030.47,-238.32,-183.08,256.92,-38.00,-5.66
시그네틱스,033170,2026,Q1,2026-Q1_단독,1분기보고서(Q1단독),연결(CFS),265.33,-19.76,-31.98,265.33,-19.76,-31.98
모아텍,033200,2021,Q1,2021-Q1_단독,1분기보고서(Q1단독),연결(CFS),66.80,-5.56,-6.84,66.80,-5.56,-6.84
모아텍,033200,2021,Q2,2021-Q2_단독,반기보고서(Q2단독),연결(CFS),74.24,-3.16,-1.29,74.24,-3.16,-1.29
모아텍,033200,2021,Q3,2021-Q3_단독,3분기보고서(Q3단독),연결(CFS),90.78,-2.56,-3.16,90.78,-2.56,-3.16
모아텍,033200,2021,Q4,2021-FY_누적,사업보고서(FY누적),연결(CFS),269.85,-18.13,-14.21,38.03,-6.85,-2.93
모아텍,033200,2022,Q1,2022-Q1_단독,1분기보고서(Q1단독),연결(CFS),80.87,-6.26,-4.01,80.87,-6.26,-4.01
모아텍,033200,2022,Q2,2022-Q2_단독,반기보고서(Q2단독),연결(CFS),77.34,-8.03,-5.58,77.34,-8.03,-5.58
모아텍,033200,2022,Q3,2022-Q3_단독,3분기보고서(Q3단독),연결(CFS),87.56,-5.38,-4.55,87.56,-5.38,-4.55
모아텍,033200,2022,Q4,2022-FY_누적,사업보고서(FY누적),연결(CFS),310.25,-16.47,-14.10,64.49,3.21,0.04
모아텍,033200,2023,Q1,2023-Q1_단독,1분기보고서(Q1단독),연결(CFS),70.64,-4.73,1.05,70.64,-4.73,1.05
모아텍,033200,2023,Q2,2023-Q2_단독,반기보고서(Q2단독),연결(CFS),74.83,-2.94,-0.18,74.83,-2.94,-0.18
모아텍,033200,2023,Q3,2023-Q3_단독,3분기보고서(Q3단독),연결(CFS),81.45,-3.13,-0.03,81.45,-3.13,-0.03
모아텍,033200,2023,Q4,2023-FY_누적,사업보고서(FY누적),연결(CFS),319.57,-22.57,-14.44,92.64,-11.77,-15.29
모아텍,033200,2024,Q1,2024-Q1_단독,1분기보고서(Q1단독),연결(CFS),74.93,-5.98,-2.31,74.93,-5.98,-2.31
모아텍,033200,2024,Q2,2024-Q2_단독,반기보고서(Q2단독),연결(CFS),80.35,-6.46,-4.34,80.35,-6.46,-4.34
모아텍,033200,2024,Q3,2024-Q3_단독,3분기보고서(Q3단독),연결(CFS),75.52,-8.34,-4.47,75.52,-8.34,-4.47
모아텍,033200,2024,Q4,2024-FY_누적,사업보고서(FY누적),연결(CFS),305.84,-21.70,0.68,75.04,-0.92,11.80
모아텍,033200,2025,Q1,2025-Q1_단독,1분기보고서(Q1단독),연결(CFS),105.16,-4.36,-0.71,105.16,-4.36,-0.71
모아텍,033200,2025,Q2,2025-Q2_단독,반기보고서(Q2단독),연결(CFS),101.16,-5.55,-1.91,101.16,-5.55,-1.91
모아텍,033200,2025,Q3,2025-Q3_단독,3분기보고서(Q3단독),연결(CFS),99.28,-4.48,-3.33,99.28,-4.48,-3.33
모아텍,033200,2025,Q4,2025-FY_누적,사업보고서(FY누적),연결(CFS),315.01,-31.58,-19.72,9.40,-17.19,-13.77
모아텍,033200,2026,Q1,2026-Q1_단독,1분기보고서(Q1단독)
인성정보,033230,2021,Q1,2021-Q1_단독,1분기보고서(Q1단독),연결(CFS),521.10,-5.50,1.97,521.10,-5.50,1.97
인성정보,033230,2021,Q2,2021-Q2_단독,반기보고서(Q2단독),연결(CFS),574.04,-8.12,-11.60,574.04,-8.12,-11.60
인성정보,033230,2021,Q3,2021-Q3_단독,3분기보고서(Q3단독),연결(CFS),630.42,-10.79,-15.41,630.42,-10.79,-15.41
인성정보,033230,2021,Q4,2021-FY_누적,사업보고서(FY누적),연결(CFS),2583.08,19.88,7.66,857.52,44.30,32.70
인성정보,033230,2022,Q1,2022-Q1_단독,1분기보고서(Q1단독),연결(CFS),646.82,-6.56,-12.14,646.82,-6.56,-12.14
인성정보,033230,2022,Q2,2022-Q2_단독,반기보고서(Q2단독),연결(CFS),660.95,-5.93,-10.98,660.95,-5.93,-10.98
인성정보,033230,2022,Q3,2022-Q3_단독,3분기보고서(Q3단독),연결(CFS),693.77,1.45,-11.14,693.77,1.45,-11.14
인성정보,033230,2022,Q4,2022-FY_누적,사업보고서(FY누적),연결(CFS),3145.06,29.10,8.55,1143.52,40.15,42.81
인성정보,033230,2023,Q1,2023-Q1_단독,1분기보고서(Q1단독),연결(CFS),691.19,-23.12,-39.28,691.19,-23.12,-39.28
인성정보,033230,2023,Q2,2023-Q2_단독,반기보고서(Q2단독),연결(CFS),920.48,17.24,4.47,920.48,17.24,4.47
인성정보,033230,2023,Q3,2023-Q3_단독,3분기보고서(Q3단독),연결(CFS),839.47,6.82,-9.10,839.47,6.82,-9.10
인성정보,033230,2023,Q4,2023-FY_누적,사업보고서(FY누적),연결(CFS),3652.41,52.13,-8.07,1201.26,51.20,35.84
인성정보,033230,2024,Q1,2024-Q1_단독,1분기보고서(Q1단독),연결(CFS),738.19,-26.10,-38.35,738.19,-26.10,-38.35
인성정보,033230,2024,Q2,2024-Q2_단독,반기보고서(Q2단독),연결(CFS),837.91,-17.18,-27.50,837.91,-17.18,-27.50
인성정보,033230,2024,Q3,2024-Q3_단독,3분기보고서(Q3단독),연결(CFS),849.73,1.45,-15.58,849.73,1.45,-15.58
인성정보,033230,2024,Q4,2024-FY_누적,사업보고서(FY누적),연결(CFS),3595.87,-47.46,-94.08,1170.04,-5.63,-12.64
인성정보,033230,2025,Q1,2025-Q1_단독,1분기보고서(Q1단독),연결(CFS),609.90,-36.33,-37.85,609.90,-36.33,-37.85
인성정보,033230,2025,Q2,2025-Q2_단독,반기보고서(Q2단독),연결(CFS),751.58,-36.12,-38.68,751.58,-36.12,-38.68
인성정보,033230,2025,Q3,2025-Q3_단독,3분기보고서(Q3단독),연결(CFS),805.34,-2.52,-3.61,805.34,-2.52,-3.61
인성정보,033230,2025,Q4,2025-FY_누적,사업보고서(FY누적),연결(CFS),3427.38,-42.77,-51.11,1260.55,32.19,29.03
인성정보,033230,2026,Q1,2026-Q1_단독,1분기보고서(Q1단독),연결(CFS),745.75,-19.76,-17.72,745.75,-19.76,-17.72
로젠,033290,2021,Q1,2021-Q1_단독,1분기보고서(Q1단독),연결(CFS),1062.07,202.92,141.46,1062.07,202.92,141.46
로젠,033290,2021,Q2,2021-Q2_단독,반기보고서(Q2단독),연결(CFS),1208.57,261.43,205.81,1208.57,261.43,205.81
로젠,033290,2021,Q3,2021-Q3_단독,3분기보고서(Q3단독),연결(CFS),1095.98,187.28,126.08,1095.98,187.28,126.08
로젠,033290,2021,Q4,2021-FY_누적,사업보고서(FY누적),연결(CFS),6739.80,923.79,651.77,3373.18,272.16,178.41
로젠,033290,2022,Q1,2022-Q1_단독,1분기보고서(Q1단독),연결(CFS),2812.05,275.12,157.39,2812.05,275.12,157.39
로젠,033290,2022,Q2,2022-Q2_단독,반기보고서(Q2단독),연결(CFS),2920.35,337.28,215.87,2920.35,337.28,215.87
로젠,033290,2022,Q3,2022-Q3_단독,3분기보고서(Q3단독),연결(CFS),2754.90,169.94,64.14,2754.90,169.94,64.14
로젠,033290,2022,Q4,2022-FY_누적,사업보고서(FY누적),연결(CFS),11932.79,1016.77,648.75,3445.49,234.43,211.35
로젠,033290,2023,Q1,2023-Q1_단독,1분기보고서(Q1단독),연결(CFS),2808.53,209.50,101.88,2808.53,209.50,101.88
로젠,033290,2023,Q2,2023-Q2_단독,반기보고서(Q2단독),연결(CFS),2883.16,246.16,154.04,2883.16,246.16,154.04
로젠,033290,2023,Q3,2023-Q3_단독,3분기보고서(Q3단독),연결(CFS),2598.61,110.43,52.52,2598.61,110.43,52.52
로젠,033290,2023,Q4,2023-FY_누적,사업보고서(FY누적),연결(CFS),8080.43,344.27,451.23,-209.88,-221.81,142.80
로젠,033290,2024,Q1,2024-Q1_단독,1분기보고서(Q1단독),연결(CFS),1979.91,97.32,57.17,1979.91,97.32,57.17
로젠,033290,2024,Q2,2024-Q2_단독,반기보고서(Q2단독),연결(CFS),1974.87,95.34,32.75,1974.87,95.34,32.75
로젠,033290,2024,Q3,2024-Q3_단독,3분기보고서(Q3단독),연결(CFS),1943.25,63.22,15.48,1943.25,63.22,15.48
로젠,033290,2024,Q4,2024-FY_누적,사업보고서(FY누적),연결(CFS),8086.27,330.81,184.28,2188.24,74.93,78.89
로젠,033290,2025,Q1,2025-Q1_단독,1분기보고서(Q1단독),연결(CFS),1910.77,83.47,37.96,1910.77,83.47,37.96
로젠,033290,2025,Q2,2025-Q2_단독,반기보고서(Q2단독),연결(CFS),1927.59,76.69,111.06,1927.59,76.69,111.06
로젠,033290,2025,Q3,2025-Q3_단독,3분기보고서(Q3단독),연결(CFS),3943.57,119.65,105.24,3943.57,119.65,105.24
로젠,033290,2025,Q4,2025-FY_누적,사업보고서(FY누적),연결(CFS),7931.68,226.68,206.90,149.75,-53.13,-47.36
로젠,033290,2026,Q1,2026-Q1_단독,1분기보고서(Q1단독),연결(CFS),1924.86,30.24,0.97,1924.86,30.24,0.97
엠투엔,033310,2021,Q1,2021-Q1_단독,1분기보고서(Q1단독),연결(CFS),113.72,-0.10,10.92,113.72,-0.10,10.92
엠투엔,033310,2021,Q2,2021-Q2_단독,반기보고서(Q2단독),연결(CFS),102.63,-11.75,-77.26,102.63,-11.75,-77.26
엠투엔,033310,2021,Q3,2021-Q3_단독,3분기보고서(Q3단독),연결(CFS),115.01,-7.20,-45.28,115.01,-7.20,-45.28
엠투엔,033310,2021,Q4,2021-FY_누적,사업보고서(FY누적),연결(CFS),435.42,-48.13,-581.23,104.06,-29.08,-469.60
엠투엔,033310,2022,Q1,2022-Q1_단독,1분기보고서(Q1단독),연결(CFS),121.56,-1.69,-3.42,121.56,-1.69,-3.42
엠투엔,033310,2022,Q2,2022-Q2_단독,반기보고서(Q2단독),연결(CFS),96.75,-7.34,-36.98,96.75,-7.34,-36.98
엠투엔,033310,2022,Q3,2022-Q3_단독,3분기보고서(Q3단독),연결(CFS),106.34,-6.52,-16.71,106.34,-6.52,-16.71
엠투엔,033310,2022,Q4,2022-FY_누적,사업보고서(FY누적),연결(CFS),284.51,-48.44,51.51,-40.13,-32.89,108.62
엠투엔,033310,2023,Q1,2023-Q1_단독,1분기보고서(Q1단독),연결(CFS),167.22,6.82,54.91,167.22,6.82,54.91
엠투엔,033310,2023,Q2,2023-Q2_단독,반기보고서(Q2단독),연결(CFS),230.93,11.46,-24.55,230.93,11.46,-24.55
엠투엔,033310,2023,Q3,2023-Q3_단독,3분기보고서(Q3단독),연결(CFS),185.37,12.26,4.66,185.37,12.26,4.66
엠투엔,033310,2023,Q4,2023-FY_누적,사업보고서(FY누적),연결(CFS),769.95,32.10,32.39,186.44,1.55,-2.63
엠투엔,033310,2024,Q1,2024-Q1_단독,1분기보고서(Q1단독),연결(CFS),233.07,12.56,-4.50,233.07,12.56,-4.50
엠투엔,033310,2024,Q2,2024-Q2_단독,반기보고서(Q2단독),연결(CFS),241.57,17.28,51.27,241.57,17.28,51.27
엠투엔,033310,2024,Q3,2024-Q3_단독,3분기보고서(Q3단독),연결(CFS),220.13,7.69,-4.91,220.13,7.69,-4.91
엠투엔,033310,2024,Q4,2024-FY_누적,사업보고서(FY누적),연결(CFS),912.10,37.44,35.15,217.33,-0.10,-6.72
엠투엔,033310,2025,Q1,2025-Q1_단독,1분기보고서(Q1단독),연결(CFS),215.77,7.68,-16.04,215.77,7.68,-16.04
엠투엔,033310,2025,Q2,2025-Q2_단독,반기보고서(Q2단독),연결(CFS),241.59,15.10,23.49,241.59,15.10,23.49
엠투엔,033310,2025,Q3,2025-Q3_단독,3분기보고서(Q3단독),연결(CFS),215.18,10.62,-1.85,215.18,10.62,-1.85
엠투엔,033310,2025,Q4,2025-FY_누적,사업보고서(FY누적),연결(CFS),865.50,27.68,-5.96,192.96,-5.72,-11.56
엠투엔,033310,2026,Q1,2026-Q1_단독,1분기보고서(Q1단독),연결(CFS),219.35,7.09,0.81,219.35,7.09,0.81
제이씨현시스템,033320,2021,Q1,2021-Q1_단독,1분기보고서(Q1단독),연결(CFS),674.29,60.58,46.98,674.29,60.58,46.98
제이씨현시스템,033320,2021,Q2,2021-Q2_단독,반기보고서(Q2단독),연결(CFS),591.62,37.66,30.79,591.62,37.66,30.79
제이씨현시스템,033320,2021,Q3,2021-Q3_단독,3분기보고서(Q3단독),연결(CFS),695.24,31.99,28.33,695.24,31.99,28.33
제이씨현시스템,033320,2021,Q4,2021-FY_누적,사업보고서(FY누적),연결(CFS),2654.36,184.40,159.61,693.20,54.18,53.52
제이씨현시스템,033320,2022,Q1,2022-Q1_단독,1분기보고서(Q1단독),연결(CFS),630.38,8.87,9.16,630.38,8.87,9.16
제이씨현시스템,033320,2022,Q2,2022-Q2_단독,반기보고서(Q2단독),연결(CFS),518.87,-38.79,-43.42,518.87,-38.79,-43.42
제이씨현시스템,033320,2022,Q3,2022-Q3_단독,3분기보고서(Q3단독),연결(CFS),428.31,-22.55,-22.84,428.31,-22.55,-22.84
제이씨현시스템,033320,2022,Q4,2022-FY_누적,사업보고서(FY누적),연결(CFS),2005.64,-23.70,3.87,428.08,28.77,60.98
제이씨현시스템,033320,2023,Q1,2023-Q1_단독,1분기보고서(Q1단독),연결(CFS),532.61,-13.48,-16.97,532.61,-13.48,-16.97
제이씨현시스템,033320,2023,Q2,2023-Q2_단독,반기보고서(Q2단독),연결(CFS),492.07,2.07,14.98,492.07,2.07,14.98
제이씨현시스템,033320,2023,Q3,2023-Q3_단독,3분기보고서(Q3단독),연결(CFS),493.62,1.05,3.77,493.62,1.05,3.77
제이씨현시스템,033320,2023,Q4,2023-FY_누적,사업보고서(FY누적),연결(CFS),2115.62,-55.78,-25.80,597.33,-45.42,-27.57
제이씨현시스템,033320,2024,Q1,2024-Q1_단독,1분기보고서(Q1단독),연결(CFS),709.74,24.90,19.89,709.74,24.90,19.89
제이씨현시스템,033320,2024,Q2,2024-Q2_단독,반기보고서(Q2단독),연결(CFS),586.09,1.75,0.91,586.09,1.75,0.91
제이씨현시스템,033320,2024,Q3,2024-Q3_단독,3분기보고서(Q3단독),연결(CFS),608.80,0.81,8.16,608.80,0.81,8.16
제이씨현시스템,033320,2024,Q4,2024-FY_누적,사업보고서(FY누적),연결(CFS),2639.00,36.43,20.76,734.36,8.97,-8.20
제이씨현시스템,033320,2025,Q1,2025-Q1_단독,1분기보고서(Q1단독),연결(CFS),705.85,39.33,36.32,705.85,39.33,36.32
제이씨현시스템,033320,2025,Q2,2025-Q2_단독,반기보고서(Q2단독),연결(CFS),705.07,2.66,23.48,705.07,2.66,23.48
제이씨현시스템,033320,2025,Q3,2025-Q3_단독,3분기보고서(Q3단독),연결(CFS),804.90,8.41,4.62,804.90,8.41,4.62
제이씨현시스템,033320,2025,Q4,2025-FY_누적,사업보고서(FY누적),연결(CFS),3138.39,77.00,93.01,922.56,26.60,28.58
제이씨현시스템,033320,2026,Q1,2026-Q1_단독,1분기보고서(Q1단독),연결(CFS),742.73,35.83,28.13,742.73,35.83,28.13
좋은사람들,033340,2021,Q1,2021-Q1_단독,1분기보고서(Q1단독),연결(CFS),239.18,-75.15,-73.25,239.18,-75.15,-73.25
좋은사람들,033340,2021,Q2,2021-Q2_단독,반기보고서(Q2단독),연결(CFS),200.71,-15.51,-75.39,200.71,-15.51,-75.39
좋은사람들,033340,2021,Q3,2021-Q3_단독,3분기보고서(Q3단독),연결(CFS),172.17,-56.95,-65.14,172.17,-56.95,-65.14
좋은사람들,033340,2021,Q4,2021-FY_누적,사업보고서(FY누적),연결(CFS),900.97,-124.90,-397.85,288.90,22.71,-184.07
좋은사람들,033340,2022,Q1,2022-Q1_단독,1분기보고서(Q1단독),연결(CFS),176.79,-61.44,-111.46,176.79,-61.44,-111.46
좋은사람들,033340,2022,Q2,2022-Q2_단독,반기보고서(Q2단독),연결(CFS),221.88,-25.70,-27.42,221.88,-25.70,-27.42
좋은사람들,033340,2022,Q3,2022-Q3_단독,3분기보고서(Q3단독),연결(CFS),210.08,4.33,2.85,210.08,4.33,2.85
좋은사람들,033340,2022,Q4,2022-FY_누적,사업보고서(FY누적),연결(CFS),804.70,-43.15,-62.33,195.95,39.66,73.70
좋은사람들,033340,2023,Q1,2023-Q1_단독,1분기보고서(Q1단독),연결(CFS),180.31,3.02,24.96,180.31,3.02,24.96
좋은사람들,033340,2023,Q2,2023-Q2_단독,반기보고서(Q2단독),연결(CFS),233.80,1.91,6.66,233.80,1.91,6.66
좋은사람들,033340,2023,Q3,2023-Q3_단독,3분기보고서(Q3단독),연결(CFS),233.77,1.57,10.73,233.77,1.57,10.73
좋은사람들,033340,2023,Q4,2023-FY_누적,사업보고서(FY누적),연결(CFS),825.68,12.88,27.80,177.80,6.38,-14.56
좋은사람들,033340,2024,Q1,2024-Q1_단독,1분기보고서(Q1단독),연결(CFS),199.23,7.11,8.40,199.23,7.11,8.40
좋은사람들,033340,2024,Q2,2024-Q2_단독,반기보고서(Q2단독),연결(CFS),242.94,9.61,9.80,242.94,9.61,9.80
좋은사람들,033340,2024,Q3,2024-Q3_단독,3분기보고서(Q3단독),연결(CFS),236.21,2.43,4.65,236.21,2.43,4.65
좋은사람들,033340,2024,Q4,2024-FY_누적,사업보고서(FY누적),연결(CFS),901.84,12.97,3.41,223.47,-6.17,-19.44
좋은사람들,033340,2025,Q1,2025-Q1_단독,1분기보고서(Q1단독),연결(CFS),159.87,-22.42,-23.05,159.87,-22.42,-23.05
좋은사람들,033340,2025,Q2,2025-Q2_단독,반기보고서(Q2단독),연결(CFS),206.16,-9.73,-8.60,206.16,-9.73,-8.60
좋은사람들,033340,2025,Q3,2025-Q3_단독,3분기보고서(Q3단독),연결(CFS),197.95,-13.77,-21.56,197.95,-13.77,-21.56
좋은사람들,033340,2025,Q4,2025-FY_누적,사업보고서(FY누적),연결(CFS),725.99,-60.84,-137.28,162.01,-14.92,-84.07
좋은사람들,033340,2026,Q1,2026-Q1_단독,1분기보고서(Q1단독),연결(CFS),153.20,-14.55,-14.83,153.20,-14.55,-14.83
동성화인텍,033500,2021,Q1,2021-Q1_단독,1분기보고서(Q1단독),연결(CFS),1102.27,115.56,97.86,1102.27,115.56,97.86
동성화인텍,033500,2021,Q2,2021-Q2_단독,반기보고서(Q2단독),연결(CFS),789.22,81.98,58.27,789.22,81.98,58.27
동성화인텍,033500,2021,Q3,2021-Q3_단독,3분기보고서(Q3단독),연결(CFS),705.95,53.66,57.37,705.95,53.66,57.37
동성화인텍,033500,2021,Q4,2021-FY_누적,사업보고서(FY누적),연결(CFS),3650.39,301.79,264.64,1052.96,50.60,51.13
동성화인텍,033500,2022,Q1,2022-Q1_단독,1분기보고서(Q1단독),연결(CFS),1078.85,13.04,4.28,1078.85,13.04,4.28
동성화인텍,033500,2022,Q2,2022-Q2_단독,반기보고서(Q2단독),연결(CFS),1065.60,58.33,15.68,1065.60,58.33,15.68
동성화인텍,033500,2022,Q3,2022-Q3_단독,3분기보고서(Q3단독),연결(CFS),912.61,111.93,43.15,912.61,111.93,43.15
동성화인텍,033500,2022,Q4,2022-FY_누적,사업보고서(FY누적),연결(CFS),4341.52,152.77,84.22,1284.47,-30.54,21.10
동성화인텍,033500,2023,Q1,2023-Q1_단독,1분기보고서(Q1단독),연결(CFS),1240.83,36.54,26.58,1240.83,36.54,26.58
동성화인텍,033500,2023,Q2,2023-Q2_단독,반기보고서(Q2단독),연결(CFS),1440.00,86.20,80.09,1440.00,86.20,80.09
동성화인텍,033500,2023,Q3,2023-Q3_단독,3분기보고서(Q3단독),연결(CFS),1243.05,121.27,98.66,1243.05,121.27,98.66
동성화인텍,033500,2023,Q4,2023-FY_누적,사업보고서(FY누적),연결(CFS),5314.09,373.40,287.46,1390.20,129.40,82.13
동성화인텍,033500,2024,Q1,2024-Q1_단독,1분기보고서(Q1단독),연결(CFS),1372.71,101.26,86.93,1372.71,101.26,86.93
동성화인텍,033500,2024,Q2,2024-Q2_단독,반기보고서(Q2단독),연결(CFS),1378.46,123.32,32.67,1378.46,123.32,32.67
동성화인텍,033500,2024,Q3,2024-Q3_단독,3분기보고서(Q3단독),연결(CFS),1365.46,114.19,87.02,1365.46,114.19,87.02
동성화인텍,033500,2024,Q4,2024-FY_누적,사업보고서(FY누적),연결(CFS),5974.10,539.89,393.43,1857.47,201.11,186.80
동성화인텍,033500,2025,Q1,2025-Q1_단독,1분기보고서(Q1단독),연결(CFS),1723.66,125.33,90.25,1723.66,125.33,90.25
동성화인텍,033500,2025,Q2,2025-Q2_단독,반기보고서(Q2단독),연결(CFS),1933.22,169.32,110.28,1933.22,169.32,110.28
동성화인텍,033500,2025,Q3,2025-Q3_단독,3분기보고서(Q3단독),연결(CFS),2011.06,235.10,204.88,2011.06,235.10,204.88
동성화인텍,033500,2025,Q4,2025-FY_누적,사업보고서(FY누적),연결(CFS),7421.86,725.59,558.83,1753.91,195.83,153.43
동성화인텍,033500,2026,Q1,2026-Q1_단독,1분기보고서(Q1단독),연결(CFS),1691.29,198.54,171.23,1691.29,198.54,171.23
파라텍,033540,2021,Q1,2021-Q1_단독,1분기보고서(Q1단독),연결(CFS),203.79,-58.82,-50.56,203.79,-58.82,-50.56
파라텍,033540,2021,Q2,2021-Q2_단독,반기보고서(Q2단독),연결(CFS),266.00,-38.01,-26.92,266.00,-38.01,-26.92
파라텍,033540,2021,Q3,2021-Q3_단독,3분기보고서(Q3단독),연결(CFS),314.29,70.65,50.94,314.29,70.65,50.94
파라텍,033540,2021,Q4,2021-FY_누적,사업보고서(FY누적),연결(CFS),1129.47,-4.63,6.11,345.38,21.54,32.65
파라텍,033540,2022,Q1,2022-Q1_단독,1분기보고서(Q1단독),연결(CFS),445.97,-19.98,-20.19,445.97,-19.98,-20.19
파라텍,033540,2022,Q2,2022-Q2_단독,반기보고서(Q2단독),연결(CFS),519.40,7.27,-1.12,519.40,7.27,-1.12
파라텍,033540,2022,Q3,2022-Q3_단독,3분기보고서(Q3단독),연결(CFS),547.42,-4.09,-12.62,547.42,-4.09,-12.62
파라텍,033540,2022,Q4,2022-FY_누적,사업보고서(FY누적),연결(CFS),2140.51,-18.06,-55.24,627.71,-1.25,-21.31
파라텍,033540,2023,Q1,2023-Q1_단독,1분기보고서(Q1단독),연결(CFS),541.42,-9.77,-11.37,541.42,-9.77,-11.37
파라텍,033540,2023,Q2,2023-Q2_단독,반기보고서(Q2단독),연결(CFS),525.73,-48.92,-46.40,525.73,-48.92,-46.40
파라텍,033540,2023,Q3,2023-Q3_단독,3분기보고서(Q3단독),연결(CFS),574.41,15.35,1.73,574.41,15.35,1.73
파라텍,033540,2023,Q4,2023-FY_누적,사업보고서(FY누적),연결(CFS),2184.11,-160.22,-152.41,542.55,-116.88,-96.38
파라텍,033540,2024,Q1,2024-Q1_단독,1분기보고서(Q1단독),연결(CFS),694.35,19.39,12.28,694.35,19.39,12.28
파라텍,033540,2024,Q2,2024-Q2_단독,반기보고서(Q2단독),연결(CFS),753.75,10.94,2.14,753.75,10.94,2.14
파라텍,033540,2024,Q3,2024-Q3_단독,3분기보고서(Q3단독),연결(CFS),699.84,7.25,2.36,699.84,7.25,2.36
파라텍,033540,2024,Q4,2024-FY_누적,사업보고서(FY누적),연결(CFS),2780.15,37.15,16.73,632.20,-0.42,-0.06
파라텍,033540,2025,Q1,2025-Q1_단독,1분기보고서(Q1단독),연결(CFS),476.72,-18.29,-24.24,476.72,-18.29,-24.24
파라텍,033540,2025,Q2,2025-Q2_단독,반기보고서(Q2단독),연결(CFS),440.84,2.09,-11.13,440.84,2.09,-11.13
파라텍,033540,2025,Q3,2025-Q3_단독,3분기보고서(Q3단독),연결(CFS),433.09,-49.96,-48.90,433.09,-49.96,-48.90
파라텍,033540,2025,Q4,2025-FY_누적,사업보고서(FY누적),연결(CFS),1739.30,-137.42,-219.67,388.65,-71.26,-135.40
파라텍,033540,2026,Q1,2026-Q1_단독,1분기보고서(Q1단독),연결(CFS),272.02,-61.58,-54.95,272.02,-61.58,-54.95
블루콤,033560,2021,Q1,2021-Q1_단독,1분기보고서(Q1단독),연결(CFS),155.26,-5.61,8.57,155.26,-5.61,8.57
블루콤,033560,2021,Q2,2021-Q2_단독,반기보고서(Q2단독),연결(CFS),139.28,-5.05,0.82,139.28,-5.05,0.82
블루콤,033560,2021,Q3,2021-Q3_단독,3분기보고서(Q3단독),연결(CFS),207.35,5.79,19.81,207.35,5.79,19.81
블루콤,033560,2021,Q4,2021-FY_누적,사업보고서(FY누적),연결(CFS),714.92,14.21,0.65,213.03,19.07,-28.56
블루콤,033560,2022,Q1,2022-Q1_단독,1분기보고서(Q1단독),연결(CFS),156.09,-3.52,10.78,156.09,-3.52,10.78
블루콤,033560,2022,Q2,2022-Q2_단독,반기보고서(Q2단독),연결(CFS),106.20,-13.37,-11.25,106.20,-13.37,-11.25
블루콤,033560,2022,Q3,2022-Q3_단독,3분기보고서(Q3단독),연결(CFS),179.94,4.60,25.33,179.94,4.60,25.33
블루콤,033560,2022,Q4,2022-FY_누적,사업보고서(FY누적),연결(CFS),586.18,-13.26,-2.65,143.95,-0.96,-27.50
블루콤,033560,2023,Q1,2023-Q1_단독,1분기보고서(Q1단독),연결(CFS),79.14,-21.95,-1.83,79.14,-21.95,-1.83
블루콤,033560,2023,Q2,2023-Q2_단독,반기보고서(Q2단독),연결(CFS),59.48,-22.23,-12.41,59.48,-22.23,-12.41
블루콤,033560,2023,Q3,2023-Q3_단독,3분기보고서(Q3단독),연결(CFS),84.50,-5.80,7.61,84.50,-5.80,7.61
블루콤,033560,2023,Q4,2023-FY_누적,사업보고서(FY누적),연결(CFS),327.70,-77.12,-27.46,104.58,-27.14,-20.82
블루콤,033560,2024,Q1,2024-Q1_단독,1분기보고서(Q1단독),연결(CFS),48.34,-13.65,6.66,48.34,-13.65,6.66
블루콤,033560,2024,Q2,2024-Q2_단독,반기보고서(Q2단독),연결(CFS),41.85,-7.28,0.62,41.85,-7.28,0.62
블루콤,033560,2024,Q3,2024-Q3_단독,3분기보고서(Q3단독),연결(CFS),85.37,-3.68,4.22,85.37,-3.68,4.22
블루콤,033560,2024,Q4,2024-FY_누적,사업보고서(FY누적),연결(CFS),183.12,-28.03,23.76,7.56,-3.43,12.26
블루콤,033560,2025,Q1,2025-Q1_단독,1분기보고서(Q1단독),연결(CFS),5.81,-13.22,134.65,5.81,-13.22,134.65
블루콤,033560,2025,Q2,2025-Q2_단독,반기보고서(Q2단독),연결(CFS),28.98,2.39,-26.92,28.98,2.39,-26.92
블루콤,033560,2025,Q3,2025-Q3_단독,3분기보고서(Q3단독),연결(CFS),16.85,1.92,35.80,16.85,1.92,35.80
블루콤,033560,2025,Q4,2025-FY_누적,사업보고서(FY누적),연결(CFS),58.07,6.48,163.68,6.42,15.39,20.15
블루콤,033560,2026,Q1,2026-Q1_단독,1분기보고서(Q1단독),연결(CFS),18.24,6.03,15.50,18.24,6.03,15.50
네패스,033640,2021,Q1,2021-Q1_단독,1분기보고서(Q1단독),연결(CFS),951.33,1.07,-22.60,951.33,1.07,-22.60
네패스,033640,2021,Q2,2021-Q2_단독,반기보고서(Q2단독),연결(CFS),942.09,-72.12,-68.78,942.09,-72.12,-68.78
네패스,033640,2021,Q3,2021-Q3_단독,3분기보고서(Q3단독),연결(CFS),1073.68,-19.90,-73.06,1073.68,-19.90,-73.06
네패스,033640,2021,Q4,2021-FY_누적,사업보고서(FY누적),연결(CFS),4183.67,-164.01,-291.52,1216.57,-73.05,-127.07
네패스,033640,2022,Q1,2022-Q1_단독,1분기보고서(Q1단독),연결(CFS),1325.27,-10.73,-20.90,1325.27,-10.73,-20.90
네패스,033640,2022,Q2,2022-Q2_단독,반기보고서(Q2단독),연결(CFS),1560.57,50.74,-63.38,1560.57,50.74,-63.38
네패스,033640,2022,Q3,2022-Q3_단독,3분기보고서(Q3단독),연결(CFS),1583.65,2.57,-12.54,1583.65,2.57,-12.54
네패스,033640,2022,Q4,2022-FY_누적,사업보고서(FY누적),연결(CFS),5880.39,-67.14,945.46,1410.91,-109.72,1042.28
네패스,033640,2023,Q1,2023-Q1_단독,1분기보고서(Q1단독),연결(CFS),1093.76,-290.46,-312.88,1093.76,-290.46,-312.88
네패스,033640,2023,Q2,2023-Q2_단독,반기보고서(Q2단독),연결(CFS),1253.40,-142.83,305.52,1253.40,-142.83,305.52
네패스,033640,2023,Q3,2023-Q3_단독,3분기보고서(Q3단독),연결(CFS),1264.61,-146.24,-195.41,1264.61,-146.24,-195.41
네패스,033640,2023,Q4,2023-FY_누적,사업보고서(FY누적),연결(CFS),4801.12,-700.03,-1094.58,1189.34,-120.49,-891.81
네패스,033640,2024,Q1,2024-Q1_단독,1분기보고서(Q1단독),연결(CFS),1215.78,-72.19,-124.09,1215.78,-72.19,-124.09
네패스,033640,2024,Q2,2024-Q2_단독,반기보고서(Q2단독),연결(CFS),1285.80,-34.17,-362.35,1285.80,-34.17,-362.35
네패스,033640,2024,Q3,2024-Q3_단독,3분기보고서(Q3단독),연결(CFS),1088.95,-156.81,-214.66,1088.95,-156.81,-214.66
네패스,033640,2024,Q4,2024-FY_누적,사업보고서(FY누적),연결(CFS),4643.32,34.02,-794.00,1052.78,297.20,-92.90
네패스,033640,2025,Q1,2025-Q1_단독,1분기보고서(Q1단독),연결(CFS),1293.70,36.36,84.82,1293.70,36.36,84.82
네패스,033640,2025,Q2,2025-Q2_단독,반기보고서(Q2단독),연결(CFS),1309.09,79.99,132.43,1309.09,79.99,132.43
네패스,033640,2025,Q3,2025-Q3_단독,3분기보고서(Q3단독),연결(CFS),1374.81,107.76,41.17,1374.81,107.76,41.17
네패스,033640,2025,Q4,2025-FY_누적,사업보고서(FY누적),연결(CFS),5214.39,237.61,201.59,1236.79,13.50,-56.84
네패스,033640,2026,Q1,2026-Q1_단독,1분기보고서(Q1단독),연결(CFS),1339.62,108.70,11.61,1339.62,108.70,11.61
피노,033790,2021,Q1,2021-Q1_단독,1분기보고서(Q1단독),연결(CFS),30.48,12.71,12.39,30.48,12.71,12.39
피노,033790,2021,Q2,2021-Q2_단독,반기보고서(Q2단독),연결(CFS),31.38,7.11,7.38,31.38,7.11,7.38
피노,033790,2021,Q3,2021-Q3_단독,3분기보고서(Q3단독),연결(CFS),26.31,3.90,8.27,26.31,3.90,8.27
피노,033790,2021,Q4,2021-FY_누적,사업보고서(FY누적),연결(CFS),112.55,19.23,22.40,24.38,-4.49,-5.64
피노,033790,2022,Q1,2022-Q1_단독,1분기보고서(Q1단독),연결(CFS),25.68,-0.12,0.05,25.68,-0.12,0.05
피노,033790,2022,Q2,2022-Q2_단독,반기보고서(Q2단독),연결(CFS),18.92,8.94,10.18,18.92,8.94,10.18
피노,033790,2022,Q3,2022-Q3_단독,3분기보고서(Q3단독),연결(CFS),36.46,1.35,3.32,36.46,1.35,3.32
피노,033790,2022,Q4,2022-FY_누적,사업보고서(FY누적),연결(CFS),114.06,14.63,17.26,33.00,4.45,3.71
피노,033790,2023,Q1,2023-Q1_단독,1분기보고서(Q1단독),연결(CFS),16.95,-0.52,0.52,16.95,-0.52,0.52
피노,033790,2023,Q2,2023-Q2_단독,반기보고서(Q2단독),연결(CFS),12.11,-7.10,-7.05,12.11,-7.10,-7.05
피노,033790,2023,Q3,2023-Q3_단독,3분기보고서(Q3단독),별도(OFS),8.87,-5.06,-4.68,8.87,-5.06,-4.68
피노,033790,2023,Q4,2023-FY_누적,사업보고서(FY누적),별도(OFS),69.67,-21.24,-19.43,31.74,-8.55,-8.21
피노,033790,2024,Q1,2024-Q1_단독,1분기보고서(Q1단독),별도(OFS),43.24,2.69,2.64,43.24,2.69,2.64
피노,033790,2024,Q2,2024-Q2_단독,반기보고서(Q2단독),별도(OFS),8.41,-3.81,-3.79,8.41,-3.81,-3.79
피노,033790,2024,Q3,2024-Q3_단독,3분기보고서(Q3단독),별도(OFS),122.80,-2.22,-11.44,122.80,-2.22,-11.44
피노,033790,2024,Q4,2024-FY_누적,사업보고서(FY누적),별도(OFS),306.76,0.08,-24.66,132.31,3.42,-12.07
피노,033790,2025,Q1,2025-Q1_단독,1분기보고서(Q1단독),별도(OFS),554.31,0.53,-21.73,554.31,0.53,-21.73
피노,033790,2025,Q2,2025-Q2_단독,반기보고서(Q2단독),별도(OFS),467.51,6.30,-14.79,467.51,6.30,-14.79
피노,033790,2025,Q3,2025-Q3_단독,3분기보고서(Q3단독),별도(OFS),756.13,12.49,2.35,756.13,12.49,2.35
피노,033790,2025,Q4,2025-FY_누적,사업보고서(FY누적),별도(OFS),2647.61,88.47,-58.52,869.66,69.15,-24.35
피노,033790,2026,Q1,2026-Q1_단독,1분기보고서(Q1단독),별도(OFS),1090.97,94.68,88.66,1090.97,94.68,88.66
티비씨,033830,2021,Q1,2021-Q1_단독,1분기보고서(Q1단독),연결(CFS),74.42,2.92,5.08,74.42,2.92,5.08
티비씨,033830,2021,Q2,2021-Q2_단독,반기보고서(Q2단독),연결(CFS),101.26,13.23,13.68,101.26,13.23,13.68
티비씨,033830,2021,Q3,2021-Q3_단독,3분기보고서(Q3단독),연결(CFS),94.35,17.77,18.01,94.35,17.77,18.01
티비씨,033830,2021,Q4,2021-FY_누적,사업보고서(FY누적),연결(CFS),428.43,43.31,46.28,158.40,9.39,9.51
티비씨,033830,2022,Q1,2022-Q1_단독,1분기보고서(Q1단독),연결(CFS),88.31,7.98,9.02,88.31,7.98,9.02
티비씨,033830,2022,Q2,2022-Q2_단독,반기보고서(Q2단독),연결(CFS),97.07,11.24,14.02,97.07,11.24,14.02
티비씨,033830,2022,Q3,2022-Q3_단독,3분기보고서(Q3단독),연결(CFS),86.11,9.87,9.55,86.11,9.87,9.55
티비씨,033830,2022,Q4,2022-FY_누적,사업보고서(FY누적),연결(CFS),424.83,40.52,49.28,153.35,11.43,16.68
티비씨,033830,2023,Q1,2023-Q1_단독,1분기보고서(Q1단독),연결(CFS),76.43,-0.13,7.80,76.43,-0.13,7.80
티비씨,033830,2023,Q2,2023-Q2_단독,반기보고서(Q2단독),연결(CFS),97.88,13.03,16.96,97.88,13.03,16.96
티비씨,033830,2023,Q3,2023-Q3_단독,3분기보고서(Q3단독),연결(CFS),102.28,11.96,16.54,102.28,11.96,16.54
티비씨,033830,2023,Q4,2023-FY_누적,사업보고서(FY누적),연결(CFS),435.06,41.37,61.94,158.46,16.52,20.64
티비씨,033830,2024,Q1,2024-Q1_단독,1분기보고서(Q1단독),연결(CFS),94.58,-1.88,4.85,94.58,-1.88,4.85
티비씨,033830,2024,Q2,2024-Q2_단독,반기보고서(Q2단독),연결(CFS),85.41,0.13,8.07,85.41,0.13,8.07
티비씨,033830,2024,Q3,2024-Q3_단독,3분기보고서(Q3단독),연결(CFS),83.64,3.22,8.47,83.64,3.22,8.47
티비씨,033830,2024,Q4,2024-FY_누적,사업보고서(FY누적),연결(CFS),402.84,14.56,38.02,139.21,13.09,16.63
티비씨,033830,2025,Q1,2025-Q1_단독,1분기보고서(Q1단독),연결(CFS),96.75,1.89,8.11,96.75,1.89,8.11
티비씨,033830,2025,Q2,2025-Q2_단독,반기보고서(Q2단독),연결(CFS),98.85,0.02,6.85,98.85,0.02,6.85
티비씨,033830,2025,Q3,2025-Q3_단독,3분기보고서(Q3단독),연결(CFS),96.26,1.51,7.29,96.26,1.51,7.29
티비씨,033830,2025,Q4,2025-FY_누적,사업보고서(FY누적),연결(CFS),426.91,14.85,37.99,135.06,11.42,15.73
티비씨,033830,2026,Q1,2026-Q1_단독,1분기보고서(Q1단독),연결(CFS),73.73,-4.55,2.06,73.73,-4.55,2.06
해성산업,034810,2021,Q1,2021-Q1_단독,1분기보고서(Q1단독),연결(CFS),2511.79,149.54,463.17,2511.79,149.54,463.17
해성산업,034810,2021,Q2,2021-Q2_단독,반기보고서(Q2단독),연결(CFS),5452.38,332.79,218.65,5452.38,332.79,218.65
해성산업,034810,2021,Q3,2021-Q3_단독,3분기보고서(Q3단독),연결(CFS),5001.45,238.91,151.35,5001.45,238.91,151.35
해성산업,034810,2021,Q4,2021-FY_누적,사업보고서(FY누적),연결(CFS),18729.00,934.14,813.11,5763.37,212.89,-20.07
해성산업,034810,2022,Q1,2022-Q1_단독,1분기보고서(Q1단독),연결(CFS),5976.54,538.05,431.40,5976.54,538.05,431.40
해성산업,034810,2022,Q2,2022-Q2_단독,반기보고서(Q2단독),연결(CFS),6394.15,606.08,414.00,6394.15,606.08,414.00
해성산업,034810,2022,Q3,2022-Q3_단독,3분기보고서(Q3단독),연결(CFS),6560.49,584.18,369.55,6560.49,584.18,369.55
해성산업,034810,2022,Q4,2022-FY_누적,사업보고서(FY누적),연결(CFS),25316.47,2103.87,1064.17,6385.28,375.55,-150.78
해성산업,034810,2023,Q1,2023-Q1_단독,1분기보고서(Q1단독),연결(CFS),5976.16,226.75,258.00,5976.16,226.75,258.00
해성산업,034810,2023,Q2,2023-Q2_단독,반기보고서(Q2단독),연결(CFS),5840.14,324.62,175.95,5840.14,324.62,175.95
해성산업,034810,2023,Q3,2023-Q3_단독,3분기보고서(Q3단독),연결(CFS),5511.83,213.61,-325.18,5511.83,213.61,-325.18
해성산업,034810,2023,Q4,2023-FY_누적,사업보고서(FY누적),연결(CFS),23084.06,1062.86,25.16,5755.93,297.88,-83.61
해성산업,034810,2024,Q1,2024-Q1_단독,1분기보고서(Q1단독),연결(CFS),5592.01,351.14,230.97,5592.01,351.14,230.97
해성산업,034810,2024,Q2,2024-Q2_단독,반기보고서(Q2단독),연결(CFS),5676.17,293.33,218.36,5676.17,293.33,218.36
해성산업,034810,2024,Q3,2024-Q3_단독,3분기보고서(Q3단독),연결(CFS),5487.37,99.63,8.77,5487.37,99.63,8.77
해성산업,034810,2024,Q4,2024-FY_누적,사업보고서(FY누적),연결(CFS),22204.28,714.18,-34.03,5448.72,-29.93,-492.14
해성산업,034810,2025,Q1,2025-Q1_단독,1분기보고서(Q1단독),연결(CFS),5455.03,65.14,45.20,5455.03,65.14,45.20
해성산업,034810,2025,Q2,2025-Q2_단독,반기보고서(Q2단독),연결(CFS),5680.66,52.83,-40.85,5680.66,52.83,-40.85
해성산업,034810,2025,Q3,2025-Q3_단독,3분기보고서(Q3단독),연결(CFS),5766.95,209.20,180.61,5766.95,209.20,180.61
해성산업,034810,2025,Q4,2025-FY_누적,사업보고서(FY누적),연결(CFS),22600.79,418.41,-448.85,5698.14,91.24,-633.80
해성산업,034810,2026,Q1,2026-Q1_단독,1분기보고서(Q1단독),연결(CFS),5993.57,182.07,-340.44,5993.57,182.07,-340.44
조아제약,034940,2021,Q1,2021-Q1_단독,1분기보고서(Q1단독),연결(CFS),137.10,-14.34,-12.66,137.10,-14.34,-12.66
조아제약,034940,2021,Q2,2021-Q2_단독,반기보고서(Q2단독),연결(CFS),140.77,-26.36,-14.35,140.77,-26.36,-14.35
조아제약,034940,2021,Q3,2021-Q3_단독,3분기보고서(Q3단독),연결(CFS),147.45,-9.10,-18.39,147.45,-9.10,-18.39
조아제약,034940,2021,Q4,2021-FY_누적,사업보고서(FY누적),연결(CFS),575.61,-70.03,-80.43,150.29,-20.23,-35.03
조아제약,034940,2022,Q1,2022-Q1_단독,1분기보고서(Q1단독),연결(CFS),156.49,-11.44,-12.24,156.49,-11.44,-12.24
조아제약,034940,2022,Q2,2022-Q2_단독,반기보고서(Q2단독),연결(CFS),174.35,-8.04,-9.22,174.35,-8.04,-9.22
조아제약,034940,2022,Q3,2022-Q3_단독,3분기보고서(Q3단독),연결(CFS),164.35,0.08,0.39,164.35,0.08,0.39
조아제약,034940,2022,Q4,2022-FY_누적,사업보고서(FY누적),연결(CFS),688.80,-4.82,5.15,193.62,14.57,26.23
조아제약,034940,2023,Q1,2023-Q1_단독,1분기보고서(Q1단독),연결(CFS),158.48,-2.03,0.09,158.48,-2.03,0.09
조아제약,034940,2023,Q2,2023-Q2_단독,반기보고서(Q2단독),연결(CFS),165.45,-5.95,-8.87,165.45,-5.95,-8.87
조아제약,034940,2023,Q3,2023-Q3_단독,3분기보고서(Q3단독),연결(CFS),148.08,-25.92,-27.17,148.08,-25.92,-27.17
조아제약,034940,2023,Q4,2023-FY_누적,사업보고서(FY누적),연결(CFS),629.74,-68.35,-111.33,157.73,-34.44,-75.38
조아제약,034940,2024,Q1,2024-Q1_단독,1분기보고서(Q1단독),연결(CFS),151.38,-17.30,-16.65,151.38,-17.30,-16.65
조아제약,034940,2024,Q2,2024-Q2_단독,반기보고서(Q2단독),연결(CFS),153.13,-17.76,-15.80,153.13,-17.76,-15.80
조아제약,034940,2024,Q3,2024-Q3_단독,3분기보고서(Q3단독),연결(CFS),152.37,-27.01,-28.39,152.37,-27.01,-28.39
조아제약,034940,2024,Q4,2024-FY_누적,사업보고서(FY누적),연결(CFS),626.94,-96.49,-101.68,170.06,-34.43,-40.84
조아제약,034940,2025,Q1,2025-Q1_단독,1분기보고서(Q1단독),연결(CFS),143.75,-21.06,-22.04,143.75,-21.06,-22.04
조아제약,034940,2025,Q2,2025-Q2_단독,반기보고서(Q2단독),연결(CFS),136.40,-15.03,-15.77,136.40,-15.03,-15.77
조아제약,034940,2025,Q3,2025-Q3_단독,3분기보고서(Q3단독),연결(CFS),154.79,-14.88,-4.15,154.79,-14.88,-4.15
조아제약,034940,2025,Q4,2025-FY_누적,사업보고서(FY누적),연결(CFS),593.11,-65.98,-73.63,158.17,-15.02,-31.68
조아제약,034940,2026,Q1,2026-Q1_단독,1분기보고서(Q1단독),연결(CFS),146.84,-11.20,-1.50,146.84,-11.20,-1.50
